celula,grupo_base,nome_base,grupo_outra,nome_outra,explicada_por,itens
1987:1665,38005,Outras recreacao etc,32003,Mobiliarios e artigos do lar,,BATERIA MUSICAL | INSTRUMENTOS DE BATERIA MUSICAL
1987:1684,38005,Outras recreacao etc,32003,Mobiliarios e artigos do lar,,INSTRUMENTOS OU MATERIAL PARA REVELAÇÃO FOTOGRAFICA (HOBBY) | MATERIAL OU INSTRUMENTOS PARA REVELAÇÃO FOTOGRAFICA (HOBBY)
1987:2230,12205,Pamonha,16104,Refeição; Refeição pronta,form#6cb165ee,PAMONHA (POF4)
1987:2308,34009,Estacionamento e vaga cativa de estacionamento,34007,Outros transporte,form#901a97a2,ESTACIONAMENTO
1987:2309,34011,Pedagio,34007,Outros transporte,form#2897ccc6,PEDAGIO
1987:2312,34009,Estacionamento e vaga cativa de estacionamento,34007,Outros transporte,form#901a97a2,ESTACIONAMENTO-METRO
1987:2313,34010,Oleo diesel,34007,Outros transporte,form#02958fec,OLEO DISEL (COMBUSTIVEL)
1987:2902,36006,Servicos de cirurgia,36001,Remedios,,ALGODÃO | ANTISEPTICO | ATADURA | DESINFETANTE (MEDICAMENTO) | ESPARADRAPO | GAZE | IODO | MATERIAL PARA CURATIVOS | MERCURIO CROMO
1987:2903,36006,Servicos de cirurgia,36001,Remedios,,MAMADEIRAS
1987:2904,36006,Servicos de cirurgia,36001,Remedios,,BICOS (CHUPETAS) | CHUPETAS OU BICOS
1987:2905,36006,Servicos de cirurgia,36001,Remedios,,TERMOMETRO
1987:2906,36006,Servicos de cirurgia,36001,Remedios,,SERINGA
1987:2907,36009,Material de tratamento,36001,Remedios,,VASELINA
1987:2908,36010,Outras assistencia saude,36001,Remedios,,ANTICONCEPCIONAL DE QUALQUER TIPO | DIU (ANTICONCEPCIONAL) | PRESERVATIVO
1987:2909,36009,Material de tratamento,36001,Remedios,,SOLUÇÃO PARA LENTE DE CONTACTO | SORO FISIOLOGICO
1987:2910,36010,Outras assistencia saude,36001,Remedios,,SHAMPOO MEDICINAL
1987:2911,35004,Produtos de uso pessoal,36001,Remedios,,COREGA | FIXADOR DE DENTADURA
1987:2912,36009,Material de tratamento,36001,Remedios,,COTONETE
1987:2913,36006,Servicos de cirurgia,36001,Remedios,,BORRACHA PARA DENTIÇÃO DE BEBE | BORRACHA PARA MORDER | MORDEDOR PARA BEBE | MORDEDOR PARA DENTIÇÃO DE BEBE
1987:2915,36010,Outras assistencia saude,36001,Remedios,,TESTE DE GRAVIDEZ
1987:2917,36009,Material de tratamento,36001,Remedios,,UTENSILIOS PARA COLETAR FEZES E URINA
1987:2918,36006,Servicos de cirurgia,36001,Remedios,,BOLSA DE AGUA QUENTE
1987:3201,38004,Diversoes e esportes,37005,Artigos escolares,,CINEMA
1987:3202,38004,Diversoes e esportes,37005,Artigos escolares,,DANÇA CLASSICA | OPERA | TEATRO
1987:3203,38004,Diversoes e esportes,37005,Artigos escolares,,FUTEBOL
1987:3204,38004,Diversoes e esportes,38003,Periodicos livros e revistas,,"BASQUETEBOL | CORRIDA AUTOMOBILISTICA | FUTEBOL DE SALÃO | TENIS (INGRESSO) | VOLEIBOL, BASQUETEBOL, ETC."
1987:3205,38004,Diversoes e esportes,38003,Periodicos livros e revistas,,"ASSOCIAÇÃO RECREATIVA | CLUBE (MENSALIDADE, TAXA) | VIDEO CLUBE (TAXA)"
1987:3209,38005,Outras recreacao etc,37005,Artigos escolares,form#049d140d,ALUGUEL DE FITAS PARA VIDEO-CASSETE E VIDEO-GAME
1987:3212,38005,Outras recreacao etc,37005,Artigos escolares,form#049d140d,PARQUE DE DIVERSÕES
1987:3213,38005,Outras recreacao etc,37005,Artigos escolares,form#049d140d,JARDIM ZOOLOGICO
1987:3611,35006,Fralda descartável infantil,33003,Roupa de crianca,form#9c2ec8a1,FRALDAS DESCARTAVEIS (CRIANÇA)
1987:4301,37001,Cursos regulares,34004,Manutencao de veiculo proprio,,"CURSO PRE-ESCOLAR | CURSO REGULAR DE 1º GRAU | CURSO REGULAR DE 1º, 2º, 3º GRAUS E PRE-ESCOLAR | CURSO REGULAR DE 2º GRAU | CURSO REGULAR DE 3º GRAU"
1987:4302,37002,Curso superior,34004,Manutencao de veiculo proprio,,"AUTO-ESCOLA | CURSO DE BALE | CURSO DE DATILOGRAFIA | CURSO DE DIREÇÃO DE VEICULOS | CURSO DE GINASTICA | CURSO DE IOGA | CURSO DE MOTORISTA | CURSO DE MUSICA | CURSO SUPLETIVO | OUTROS CURSOS (SUPLETIVO, GINASTICA, DATILOGRAFIA, ETC.)"
1987:4303,37002,Curso superior,34004,Manutencao de veiculo proprio,,AULA PARTICULAR
1987:4304,37002,Curso superior,34004,Manutencao de veiculo proprio,,CURSO EM DISCO | CURSO EM DISCO OU FITA (LINGUAFONE) | CURSO EM FITA CASSETE
1987:4305,37001,Cursos regulares,34004,Manutencao de veiculo proprio,form#6e3b27c8,TAXA DE EXAME BIOMEDICO | TAXA DE MATERIAL ESCOLAR | TAXA ESCOLAR
1987:4306,37003,Outros cursos,34004,Manutencao de veiculo proprio,form#c3652c3e,ASSINATURA DE PERIODICO TECNICO
1987:4307,37001,Cursos regulares,34004,Manutencao de veiculo proprio,,LIVRO ESCOLAR DE 1º E 2º GRAUS
1987:4308,37001,Cursos regulares,34004,Manutencao de veiculo proprio,form#d6613757,APOSTILAS | DICIONARIO | LIVRO DIDATICO | LIVRO TECNICO | LIVROS E REVISTAS TECNICAS E OUTROS LIVROS DIDATICOS | REVISTA TECNICA
1987:4313,37005,Artigos escolares,34007,Outros transporte,form#667dba4d,CADERNETA ESCOLAR | CARTEIRA DE ESTUDANTE | CERTIFICADO DE CONCLUSÃO ESCOLAR | DECLARAÇÃO ESCOLAR | DIPLOMA | DOCUMENTAÇÃO ESCOLAR (EMOLUMENTO) | EMOLUMENTO (DESPESA COM DOCUMENTAÇÃO ESCOLAR) | FICHA MODELO 18 E 19 | TAXA DE TRANSFERENCIA ESCOLAR
1987:4326,37001,Cursos regulares,37002,Curso superior,,ALIMENTAÇÃO ESCOLAR
1987:4600,38006,Gastos com viagens,34006,Viagens,form#4ce4f6c7,DESPESAS COM VIAGENS
1987:4601,38006,Gastos com viagens,34006,Viagens,form#4ce4f6c7,ONIBUS (VIAGEM)
1987:4602,38006,Gastos com viagens,34006,Viagens,form#4ce4f6c7,TREM (VIAGEM)
1987:4603,38006,Gastos com viagens,34006,Viagens,form#4ce4f6c7,AVIÃO
1987:4604,38006,Gastos com viagens,34006,Viagens,form#4ce4f6c7,NAVIO
1987:4605,38006,Gastos com viagens,34006,Viagens,form#4ce4f6c7,GASTO COM COMBUSTIVEL EM VIAGEM DE AUTOMOVEL
1987:4606,38006,Gastos com viagens,34006,Viagens,form#4ce4f6c7,ALIMENTAÇÃO (VIAGEM)
1987:4607,38006,Gastos com viagens,34006,Viagens,form#4ce4f6c7,APART-HOTEL (VIAGEM) | BARRACA (VIAGEM) | CAMPING (VIAGEM) | HOSPEDAGEM (VIAGEM) | HOTEL (VIAGEM) | IGLOO (VIAGEM) | TRAILLER (VIAGEM)
1987:4608,38006,Gastos com viagens,34006,Viagens,form#4ce4f6c7,EXCURSÕES (NÃO ESCOLAR) | GUIA TURISTICO EM EXCURSÃO | HOSPEDAGEM EM EXCURSÃO | TRANSPORTE EM EXCURSÃO
1987:4609,38006,Gastos com viagens,34006,Viagens,form#4ce4f6c7,ESTACIONAMENTO (VIAGEM) | GARAGEM (VIAGEM)
1987:4610,38006,Gastos com viagens,34006,Viagens,form#4ce4f6c7,ALUGUEL DE VEICULO (VIAGEM)
1987:4611,38006,Gastos com viagens,34006,Viagens,form#4ce4f6c7,TAXI (VIAGEM)
1987:4612,38006,Gastos com viagens,34006,Viagens,form#4ce4f6c7,BARCO (VIAGEM)
1987:4613,38006,Gastos com viagens,34006,Viagens,form#4ce4f6c7,PEDAGIO (VIAGEM)
1987:4614,38006,Gastos com viagens,34006,Viagens,form#4ce4f6c7,METRO (VIAGEM)
1987:4615,38006,Gastos com viagens,34006,Viagens,form#4ce4f6c7,CAMINHÃO (VIAGEM) | PAU-DE-ARARA (VIAGEM)
1987:4616,38006,Gastos com viagens,34006,Viagens,form#4ce4f6c7,AUTOMOVEL UTILITARIO (VIAGEM)
1987:4617,38006,Gastos com viagens,34006,Viagens,form#4ce4f6c7,COLONIA DE FERIAS
1987:4618,38006,Gastos com viagens,34006,Viagens,form#4ce4f6c7,ALFANDEGA (TAXA) | TAXA ALFANDEGARIA
1987:4697,38006,Gastos com viagens,34006,Viagens,form#4ce4f6c7,EMPRESTIMO COMPULSORIO (VIAGEM AO EXTERIOR)
1987:4698,38006,Gastos com viagens,34006,Viagens,form#4ce4f6c7,AGREGADO
1987:5007,34009,Estacionamento e vaga cativa de estacionamento,34004,Manutencao de veiculo proprio,form#901a97a2,VAGA DE ESTACIONAMENTO DE VEICULO | VAGAS CATIVAS DE ESTACIONAMENTO DE VEICULO
1987:5103,34008,Bicicleta,34005,Aquisicao de veiculos,form#ec4086fe,BICICLETA
1987:6305,01199,Outros,01103,Outros,,CENTEIO (EM GRÃO)
1987:6306,01104,Cevada,01103,Outros,,CEVADA (EM GRÃO)
1987:6309,01105,Trigo,01103,Outros,,QUIRERA DE TRIGO | TRIGO (EM GRÃO) | TRIGO INTEGRAL
1987:6310,01199,Outros,01103,Outros,,AMENDOIM (EM CASCA) (IN NATURA) | AMENDOIM (EM GRÃO) (IN NATURA) | MEDUBIM | MENDOBIM | MENDOIM
1987:6311,01213,Ervilha em grãos,01103,Outros,form#6cb80bc5,ERVILHA (EM GRÃO)
1987:6327,01211,Tremolo,01209,Outras,,TREMOÇO | TREMOÇO AMARELO | TREMOÇO BRANCO
1987:6329,01210,Lentilha,01209,Outras,,LENTILHA
1987:6330,01212,Soja em grão,01209,Outras,,FEIJÃO SOJA | SOJA (EM GRÃO)
1987:6332,01299,Outras,01209,Outras,,SEMENTE DE ABOBORA
1987:6335,01199,Outros,01103,Outros,,GERGELIM (GRÃO) | GERGELIM (SEMENTE) | SEMENTE DE GERGELIM
1987:6337,01199,Outros,01103,Outros,,ARROZ ESPECIAL (JAPONES) | ARROZ JAPONES (ESPECIAL)
1987:6715,12304,Melado de cana,12302,Outros; Polpa de fruta; Gelatina; Mel de abelha,form#adef62d8,MELADO
1987:6716,12303,Mel de abelha,12302,Outros; Polpa de fruta; Gelatina; Mel de abelha,form#200cea26,MEL | MEL DE ABELHA
1987:6717,12305,Gelatina,12302,Outros; Polpa de fruta; Gelatina; Mel de abelha,form#0abe6e37,GELATINA | GELATINA DIETETICA | GELATINA EM FOLHA | GELATINA EM PO | GELATINA PARA DIETA
1987:6751,12205,Pamonha,12204,Outros; Rapadura; Bombom; Chiclete; Chocolate em tablete,form#6cb165ee,PAMONHA
1987:706,31006,Agua e esgoto,31007,Outros servicos etc,form#48573d17,COMPRA D'AGUA | GARRAFÃO D'AGUA (ENTREGA DOMICILIAR)
1987:9320,15211,Caldo de cana,15209,Outras,form#78e2d7ab,CALDO DE CANA | GARAPA
1987:9321,15210,Agua de coco,15209,Outras,form#fe868d3f,AGUA DE COCO
1987:9337,15304,Café em grão,15303,Outros,form#c49e303a,CAFE EM GRÃO
1987:9345,15212,Chocolate engarrafado ou encartonado,15209,Outras,form#211b47cd,CHOCOLATE ENGARRAFADO | CHOCOMILK (CHOCOLATE ENGARRAFADO)
1987:9601,35005,Creme dental e fio dental,35004,Produtos de uso pessoal,form#21074115,CREME DENTAL E FIO DENTAL | FIO DENTAL | PASTA DE DENTE
1995:1651,38005,Outras recreacao etc,32003,Mobiliarios e artigos do lar,,LUNETA
1995:2308,34009,Estacionamento e vaga cativa de estacionamento,34007,Outros transporte,form#901a97a2,ESTACIONAMENTO
1995:2309,34011,Pedagio,34007,Outros transporte,form#2897ccc6,PEDAGIO
1995:2312,34009,Estacionamento e vaga cativa de estacionamento,34007,Outros transporte,form#901a97a2,ESTACIONAMENTO-METRÔ
1995:2313,34010,Oleo diesel,34007,Outros transporte,form#02958fec,ÓLEO DIESEL
1995:2430,12205,Pamonha,16104,Refeição; Refeição pronta,form#6cb165ee,PAMONHA
1995:2439,15212,Chocolate engarrafado ou encartonado,15209,Outras,form#211b47cd,TODDYNHO
1995:2935,36009,Material de tratamento,36001,Remedios,,SORO FISIOLÓGICO HIDRATANTE
1995:2959,35004,Produtos de uso pessoal,36009,Material de tratamento,,COREGA
1995:2974,36009,Material de tratamento,36001,Remedios,,COLÍRIO
1995:3611,35006,Fralda descartável infantil,33003,Roupa de crianca,form#9c2ec8a1,FRALDA DESCARTÁVEL (CRIANÇA)
1995:4100,38006,Gastos com viagens,34006,Viagens,form#4ce4f6c7,DESPESAS COM VIAGENS
1995:4101,38006,Gastos com viagens,34006,Viagens,form#4ce4f6c7,ÔNIBUS URBANO (VIAGEM)
1995:4102,38006,Gastos com viagens,34006,Viagens,form#4ce4f6c7,TREM (VIAGEM)
1995:4103,38006,Gastos com viagens,34006,Viagens,form#4ce4f6c7,AVIÃO (VIAGEM)
1995:4104,38006,Gastos com viagens,34006,Viagens,form#4ce4f6c7,NAVIO (VIAGEM)
1995:4105,38006,Gastos com viagens,34006,Viagens,form#4ce4f6c7,CONBUSTÍVEL DE VEÍCULO (VIAGEM)
1995:4106,38006,Gastos com viagens,34006,Viagens,form#4ce4f6c7,ALIMENTAÇÃO (VIAGEM)
1995:4107,38006,Gastos com viagens,34006,Viagens,form#4ce4f6c7,HOSPEDAGEM (VIAGEM)
1995:4108,38006,Gastos com viagens,34006,Viagens,form#4ce4f6c7,EXCURSÃO (EXCETO ESCOLAR).(VIAGEM)
1995:4109,38006,Gastos com viagens,34006,Viagens,form#4ce4f6c7,GARAGEM (VIAGEM)
1995:4110,38006,Gastos com viagens,34006,Viagens,form#4ce4f6c7,ALUGUEL DE VEÍCULO (VIAGEM)
1995:4111,38006,Gastos com viagens,34006,Viagens,form#4ce4f6c7,TAXI (VIAGEM)
1995:4112,38006,Gastos com viagens,34006,Viagens,form#4ce4f6c7,BARCO (VIAGEM)
1995:4113,38006,Gastos com viagens,34006,Viagens,form#4ce4f6c7,PEDAGIO (VIAGEM)
1995:4114,38006,Gastos com viagens,34006,Viagens,form#4ce4f6c7,METRO (VIAGEM)
1995:4115,38006,Gastos com viagens,34006,Viagens,form#4ce4f6c7,CAMINHÃO (VIAGEM)
1995:4116,38006,Gastos com viagens,34006,Viagens,form#4ce4f6c7,AUTOMÓVEL UTILITARIO (VIAGEM)
1995:4117,38006,Gastos com viagens,34006,Viagens,form#4ce4f6c7,COLONIA DE FÉRIAS (VIAGEM)
1995:4118,38006,Gastos com viagens,34006,Viagens,form#4ce4f6c7,TAXA ALFANDEGARIA (VIAGEM)
1995:4119,38006,Gastos com viagens,34006,Viagens,form#4ce4f6c7,GUARDA-VOLUMES (VIAGEM)
1995:4120,38006,Gastos com viagens,34006,Viagens,form#4ce4f6c7,ÔNIBUS-INTERMUNICIPAL (VIAGEM)
1995:4121,38006,Gastos com viagens,34006,Viagens,form#4ce4f6c7,ÔNIBUS-INTERNACIONAL (VIAGEM)
1995:4122,38006,Gastos com viagens,34006,Viagens,form#4ce4f6c7,ÔNIBUS-INTERESTADUAL (VIAGEM)
1995:4123,38006,Gastos com viagens,34006,Viagens,form#4ce4f6c7,FERRY-BOAT (VIAGEM)
1995:4124,38006,Gastos com viagens,34006,Viagens,form#4ce4f6c7,CARREGADOR DE BAGAGEM (VIAGEM)
1995:4198,38006,Gastos com viagens,34006,Viagens,form#4ce4f6c7,AGREGADO 26
1995:4314,34004,Manutencao de veiculo proprio,34007,Outros transporte,form#15b908d6,ESTOPA
1995:4315,34004,Manutencao de veiculo proprio,34007,Outros transporte,form#15b908d6,SHAMPU (VEÍCULO)
1995:4316,34004,Manutencao de veiculo proprio,34007,Outros transporte,form#15b908d6,LIMPA-PARA-BRISA
1995:4321,34004,Manutencao de veiculo proprio,34007,Outros transporte,form#15b908d6,CARGA DE BATERIA
1995:4322,34004,Manutencao de veiculo proprio,34007,Outros transporte,form#15b908d6,GAS DE AR CONDICIONADO (VEÍCULO)
1995:4323,34004,Manutencao de veiculo proprio,34007,Outros transporte,form#15b908d6,LIXA DE FERRO (VEÍCULO)
1995:4324,34004,Manutencao de veiculo proprio,34007,Outros transporte,form#15b908d6,TELEVISÃO (VEÍCULO)
1995:4325,34004,Manutencao de veiculo proprio,34007,Outros transporte,form#15b908d6,CAROCERIA DE CAMIONETA
1995:4326,34004,Manutencao de veiculo proprio,34007,Outros transporte,form#15b908d6,SOLVENTE (VEÍCULO)
1995:4334,34004,Manutencao de veiculo proprio,34007,Outros transporte,form#15b908d6,CD PLAYER PARA VEICULO
1995:4335,34004,Manutencao de veiculo proprio,34007,Outros transporte,form#15b908d6,CONSERTO DE AMPLIFICADOR DE SOM (VEÍCULO)
1995:5007,34009,Estacionamento e vaga cativa de estacionamento,34004,Manutencao de veiculo proprio,form#901a97a2,VAGA CATIVA DE ESTACIONAMENTO
1995:5103,34008,Bicicleta,34005,Aquisicao de veiculos,form#ec4086fe,BICICLETA
1995:5304,44002,Empregador,44001,Empregado,form#6fbc8bd5,EMPREGADOR
1995:6305,01199,Outros,01103,Outros,,CENTEIO EM GRÃO
1995:6306,01104,Cevada,01103,Outros,,CEVADA EM GRÃO
1995:6309,01105,Trigo,01103,Outros,,TRIGO EM GRÃO
1995:6310,01199,Outros,01103,Outros,,AMENDOIM EM GRÃO (IN NATURA)
1995:6311,01213,Ervilha em grãos,01103,Outros,form#6cb80bc5,ERVILHA EM GRÃO
1995:6327,01211,Tremolo,01209,Outras,,TREMOÇO
1995:6329,01210,Lentilha,01209,Outras,,LENTILHA
1995:6330,01212,Soja em grão,01209,Outras,,SOJA EM GRÃO
1995:6332,01299,Outras,01209,Outras,,SEMENTE DE ABÓBORA
1995:6335,01199,Outros,01103,Outros,,SEMENTE DE GERGELIM
1995:6337,01199,Outros,01103,Outros,,ARROZ ESPECIAL (JAPONÊS)
1995:6715,12304,Melado de cana,12302,Outros; Polpa de fruta; Gelatina; Mel de abelha,form#adef62d8,MELADO
1995:6716,12303,Mel de abelha,12302,Outros; Polpa de fruta; Gelatina; Mel de abelha,form#200cea26,MEL DE ABELHA
1995:6717,12305,Gelatina,12302,Outros; Polpa de fruta; Gelatina; Mel de abelha,form#0abe6e37,GELATINA
1995:6751,12205,Pamonha,12204,Outros; Rapadura; Bombom; Chiclete; Chocolate em tablete,form#6cb165ee,PAMONHA
1995:706,31006,Agua e esgoto,31007,Outros servicos etc,form#48573d17,AQUISIÇÃO D´ÁGUA (DOMICÍLIO PRINCIPAL)
1995:715,38002,Celular e acessorios,31004,Telefone celular,form#50f9116d;form#cfd0e5d6,TELEFONE MÓVEL OU CELULAR (DOMICÍLIO PRINCIPAL)
1995:900,32005,Consertos de artigos do lar,31007,Outros servicos etc,form#0574d67e,"DESPESA COM CONSERTO E MANUTENÇÃO DE MOVEIS, APARELHOS, MAQUINAS E UTENSÍLIOS DOMESTICOS"
1995:903,32005,Consertos de artigos do lar,31001,Aluguel,form#aa83c80f,CONSERTO DE ASPIRADOR DE PÓ (PEÇA+MÃO-DE-OBRA)
1995:906,32005,Consertos de artigos do lar,31007,Outros servicos etc,form#0574d67e,MANUTENÇÃO DE APARELHOS DOMÉSTICOS
1995:907,32005,Consertos de artigos do lar,31007,Outros servicos etc,form#0574d67e,CONSERTO DE MOTO-BOMBA (PEÇA+MÃO-DE-OBRA)
1995:908,32005,Consertos de artigos do lar,31007,Outros servicos etc,form#0574d67e,CONSERTO DE FERRO ELÉTRICO (PEÇA+MÃO-DE-OBRA)
1995:910,32005,Consertos de artigos do lar,31007,Outros servicos etc,form#0574d67e,CONSERTO DE FERRO ELÉTRICO (PEÇA)
1995:9320,15211,Caldo de cana,15209,Outras,form#78e2d7ab,CALDO DE CANA
1995:9321,15210,Agua de coco,15209,Outras,form#fe868d3f,AGUA DE COCO
1995:9337,15304,Café em grão,15303,Outros,form#c49e303a,CAFÉ EM GRÃO
1995:9345,15212,Chocolate engarrafado ou encartonado,15209,Outras,form#211b47cd,CHOCOLATE ENGARRAFADO OU ENCARTONADO
1995:9601,35005,Creme dental e fio dental,35004,Produtos de uso pessoal,form#21074115,CREME DENTAL E FIO DENTAL
2002:15034,38006,Gastos com viagens,32004,Eletrodomesticos,,AMPLIFICADOR
2002:15037,38006,Gastos com viagens,32004,Eletrodomesticos,,VIDEO GAME E ACESSORIOS | VIDEOGAME E ACESSORIOS
2002:15054,38006,Gastos com viagens,32004,Eletrodomesticos,,KARAOKE | VIDEOKE
2002:23008,34009,Estacionamento e vaga cativa de estacionamento,34007,Outros transporte,form#901a97a2,ESTACIONAMENTO | ESTACIONAMENTO SHOPPING | FLANELINHA
2002:23009,34011,Pedagio,34007,Outros transporte,form#2897ccc6,PEDAGIO
2002:23012,34009,Estacionamento e vaga cativa de estacionamento,34007,Outros transporte,form#901a97a2,ESTACIONAMENTO-METRO
2002:23013,34010,Oleo diesel,34007,Outros transporte,form#02958fec,OLEO DIESEL
2002:23018,34004,Manutencao de veiculo proprio,34007,Outros transporte,form#3c850232,BUJAO DE GAS COMUM | GAS VEICULAR
2002:23031,38006,Gastos com viagens,34006,Viagens,form#4ce4f6c7,AVIAO
2002:24030,12205,Pamonha,16103,Outros produtos,form#6cb165ee,PAMONHA
2002:28055,31003,Telefonia,31004,Telefone celular,form#50f9116d;form#ae21f45e,CARTAO DE TELEFONE CELULAR | TELEFONE CELULAR | TELEFONE MOVEL
2002:29035,36009,Material de tratamento,36001,Remedios,,HIDRAFIX | SORO FISIOLOGICO HIDRATANTE
2002:29059,35004,Produtos de uso pessoal,36009,Material de tratamento,,COREGA | FIXADOR DE DENTADURA
2002:29074,36009,Material de tratamento,36001,Remedios,,COLIRIO | OFTALMOLOGICO | OFTALMOLOGICOS | SOLUCAO OFTALMICA (PARA A VISTA)
2002:31025,32005,Consertos de artigos do lar,39005,Outras servicos pessoais,,VIDRACEIRO
2002:36011,35006,Fralda descartável infantil,33003,Roupa de crianca,form#9c2ec8a1,FRALDA DESCARTAVEL | FRALDA DESCARTAVEL (CRIANCA)
2002:41001,38006,Gastos com viagens,34006,Viagens,form#4ce4f6c7,ONIBUS URBANO | ONIBUS URBANO (VIAGEM)
2002:41002,38006,Gastos com viagens,34006,Viagens,form#4ce4f6c7,TREM | TREM (VIAGEM)
2002:41003,38006,Gastos com viagens,34006,Viagens,form#4ce4f6c7,AVIAO | AVIAO (VIAGEM)
2002:41004,38006,Gastos com viagens,34006,Viagens,form#4ce4f6c7,NAVIO | NAVIO (VIAGEM)
2002:41005,38006,Gastos com viagens,34006,Viagens,form#4ce4f6c7,COMBUSTIVEL DE VEICULO | COMBUSTIVEL DE VEICULO (VIAGEM)
2002:41007,38006,Gastos com viagens,34006,Viagens,form#4ce4f6c7,APART-HOTEL (VIAGEM) | BARRACA (VIAGEM) | CAMPING (VIAGEM) | HOSPEDAGEM | HOSPEDAGEM (VIAGEM) | HOTEL (VIAGEM) | IGLOO (VIAGEM) | TRAILLER (VIAGEM)
2002:41008,38006,Gastos com viagens,34006,Viagens,form#4ce4f6c7,EXCURSAO (EXCETO ESCOLAR) (VIAGEM)
2002:41009,38006,Gastos com viagens,34006,Viagens,form#4ce4f6c7,ESTACIONAMENTO (VIAGEM) | GARAGEM (VIAGEM)
2002:41010,38006,Gastos com viagens,34006,Viagens,form#4ce4f6c7,ALUGUEL DE VEICULO | ALUGUEL DE VEICULO (VIAGEM)
2002:41011,38006,Gastos com viagens,34006,Viagens,form#4ce4f6c7,TAXI | TAXI (VIAGEM)
2002:41012,38006,Gastos com viagens,34006,Viagens,form#4ce4f6c7,BARCO | BARCO (VIAGEM)
2002:41013,38006,Gastos com viagens,34006,Viagens,form#4ce4f6c7,PEDAGIO | PEDAGIO (VIAGEM)
2002:41014,38006,Gastos com viagens,34006,Viagens,form#4ce4f6c7,METRO (VIAGEM)
2002:41015,38006,Gastos com viagens,34006,Viagens,form#4ce4f6c7,CAMINHAO (VIAGEM) | PAU-DE-ARARA (VIAJEM)
2002:41016,38006,Gastos com viagens,34006,Viagens,form#4ce4f6c7,AUTOMOVEL UTILITARIO (VIAGEM) | KOMBI (VIAGEM)
2002:41017,38006,Gastos com viagens,34006,Viagens,form#4ce4f6c7,COLONIA DE FERIAS (VIAGEM)
2002:41018,38006,Gastos com viagens,34006,Viagens,form#4ce4f6c7,ALFANDEGA (TAXA) (VIAGEM) | TAXA ALFANDEGARIA (VIAGEM)
2002:41019,38006,Gastos com viagens,34006,Viagens,form#4ce4f6c7,GUARDA-VOLUMES (VIAGEM)
2002:41020,38006,Gastos com viagens,34006,Viagens,form#4ce4f6c7,ONIBUS INTERMUNICIPAL | ONIBUS INTERMUNICIPAL (VIAGEM)
2002:41021,38006,Gastos com viagens,34006,Viagens,form#4ce4f6c7,ONIBUS INTERNACIONAL | ONIBUS INTERNACIONAL (VIAGEM)
2002:41022,38006,Gastos com viagens,34006,Viagens,form#4ce4f6c7,ONIBUS INTERESTADUAL | ONIBUS INTERESTADUAL (VIAGEM)
2002:41023,38006,Gastos com viagens,34006,Viagens,form#4ce4f6c7,FERRY-BOAT (VIAGEM)
2002:41024,38006,Gastos com viagens,34006,Viagens,form#4ce4f6c7,CARREGADOR DE BAGAGEM (VIAGEM)
2002:41025,38006,Gastos com viagens,34006,Viagens,form#4ce4f6c7,BALSA
2002:41026,38006,Gastos com viagens,34006,Viagens,form#4ce4f6c7,GUIA TURISTICO
2002:41098,38006,Gastos com viagens,34006,Viagens,form#4ce4f6c7,AGREGADO
2002:43009,34004,Manutencao de veiculo proprio,34007,Outros transporte,form#3c850232,RADIO
2002:43010,34004,Manutencao de veiculo proprio,34007,Outros transporte,form#3c850232,RADIO TOCA-FITAS | TOCA-FITAS
2002:43011,34004,Manutencao de veiculo proprio,34007,Outros transporte,form#3c850232,AR CONDICIONADO
2002:43013,34004,Manutencao de veiculo proprio,34007,Outros transporte,form#3c850232,GUINCHO (REBOQUE) | REBOQUE
2002:43024,34004,Manutencao de veiculo proprio,34007,Outros transporte,form#3c850232,TELEVISAO
2002:43025,34004,Manutencao de veiculo proprio,34007,Outros transporte,form#3c850232,CARROCERIA DE CAMIONETA
2002:43027,34004,Manutencao de veiculo proprio,34007,Outros transporte,form#3c850232,CONVERSAO DE MOTOR P GAS | MOTOR DE AUTOMOVEL
2002:43029,34004,Manutencao de veiculo proprio,34007,Outros transporte,form#3c850232,AMPLIFICADOR
2002:43034,34004,Manutencao de veiculo proprio,34007,Outros transporte,form#3c850232,CD PLAYER | COMPACT DISC PLAYER
2002:43035,34004,Manutencao de veiculo proprio,34007,Outros transporte,form#3c850232,CADEIRINHA INFANTIL PARA CARRO | RADIO COM CD
2002:43036,34004,Manutencao de veiculo proprio,34007,Outros transporte,form#3c850232,TRANSPORTE DE VEICULOS
2002:43037,34004,Manutencao de veiculo proprio,34007,Outros transporte,form#3c850232,INSULFILM
2002:49011,37001,Cursos regulares,37003,Outros cursos,,CRECHE
2002:49022,37002,Curso superior,37003,Outros cursos,form#39bd9519,CURSO DE ESPECIALIZACAO (MESTRADO) | CURSO DE MESTRADO | CURSO DE POS-GRADUACAO (MESTRADO) | ESPECIALIZACAO (MESTRADO) | MESTRADO (CURSO) | POS-GRADUACAO (MESTRADO)
2002:49041,37002,Curso superior,37003,Outros cursos,form#39bd9519,CURSO DE DOUTORADO | CURSO DE ESPECIALIZACAO (DOUTORADO) | CURSO DE POS-GRADUACAO (DOUTORADO) | DOUTORADO (CURSO) | ESPECIALIZACAO (DOUTORADO) | POS-GRADUACAO (DOUTORADO)
2002:50005,34004,Manutencao de veiculo proprio,34007,Outros transporte,form#3c850232,ASSISTENCIA AUTOMOBILISTICA | ASSISTENCIA AUTOMOBILISTICA (MENSALIDADE E TAXA) | ASSOCIACAO DE ASSISTENCIA AUTOMOBILISTICA (MENSALIDADE E TAXA)
2002:50007,34009,Estacionamento e vaga cativa de estacionamento,34007,Outros transporte,form#901a97a2,VAGA CATIVA DE ESTACIONAMENTO | VAGA DE ESTACIONAMENTO DE VEICULO
2002:51003,34008,Bicicleta,34005,Aquisicao de veiculos,form#ec4086fe,BICICLETA
2002:63006,01104,Cevada,01103,Outros,,CEVADA (EM GRAO)
2002:63009,01105,Trigo,01103,Outros,,MASSA DE TRIGO | QUIRERA DE TRIGO | TRIGO (EM GRAO) | TRIGO INTEGRAL
2002:63010,01199,Outros,01103,Outros,,AMENDOIM | AMENDOIM (EM CASCA) (IN NATURA) | AMENDOIM (EM GRAO) (IN NATURA) | MEDUBIM | MENDOBIM | MENDOIM
2002:63011,01213,Ervilha em grãos,01103,Outros,form#6cb80bc5,ERVILHA (EM GRAO)
2002:63012,01208,Outros feijões,01103,Outros,,FAVA (EM GRAO) | FAVA DE LIMA (EM GRAO) | FEIJAO FAVA (EM GRAO) | FEIJOA (EM GRAO) | MANGALO AMARGO (EM GRAO)
2002:63027,01211,Tremolo,01103,Outros,,TREMOCO | TREMOCO AMARELO | TREMOCO BRANCO
2002:63028,01209,Grão de bico,01103,Outros,,GRAO DE BICO
2002:63029,01210,Lentilha,01103,Outros,,LENTILHA
2002:63030,01212,Soja em grão,01103,Outros,,FEIJAO SOJA | SOJA (EM GRAO)
2002:63032,01199,Outros,01103,Outros,,SEMENTE DE ABOBORA
2002:63034,16016,Outros,01103,Outros,,SEMENTE DE LINHACA
2002:67015,12304,Melado de cana,12103,Outros,form#adef62d8,MELADO | MELADO DE CANA
2002:67016,12303,Mel de abelha,12302,Outros; Polpa de fruta; Gelatina; Mel de abelha,form#200cea26,MEL | MEL COM ALHO | MEL COM PROPOLIS | MEL COMPOSTO | MEL DE ABELHA | MEL DE ENGENHO | MEL DE ROMA
2002:67017,12305,Gelatina,12302,Outros; Polpa de fruta; Gelatina; Mel de abelha,form#0abe6e37,GELATINA | GELATINA DE DIETA | GELATINA DIETETICA | GELATINA EM FOLHA | GELATINA EM PO
2002:67051,12205,Pamonha,12202,Doce de fruta,form#6cb165ee,PAMONHA
2002:8081,40003,Cerimonias e festas,32001,Manutencao do lar,form#470a34da,EXUMACAO
2002:8082,40003,Cerimonias e festas,32001,Manutencao do lar,form#470a34da,PLACA DE JAZIGO
2002:8083,40003,Cerimonias e festas,32001,Manutencao do lar,form#470a34da,CONDOMINIO DE JAZIGO | TAXA DE CONDOMINIO DE JAZIGO
2002:93020,15211,Caldo de cana,15209,Outras,form#78e2d7ab,CALDO DE CANA | GARAPA
2002:93021,15210,Agua de coco,15209,Outras,form#fe868d3f,AGUA DE COCO
2002:93037,15304,Café em grão,15303,Outros,form#c49e303a,CAFE EM GRAO
2002:93045,15212,Chocolate engarrafado ou encartonado,11106,Outros,form#211b47cd,CHOCOLATE ENGARRAFADO OU ENCARTONADO | CHOCOMILK (CHOCOLATE ENCARTONADO) | CHOCOMILK (CHOCOLATE ENGARRAFADO)
2002:95061,34004,Manutencao de veiculo proprio,34007,Outros transporte,form#3c850232,LIMPA-CARPETE | LIMPA-TAPETE | SHAMPU DE CARPETE | SHAMPU DE TAPETE
2002:96001,35005,Creme dental e fio dental,35004,Produtos de uso pessoal,form#21074115,CREME DENTAL | CREME DENTAL E FIO DENTAL | FIO DENTAL | GEL DENTAL | PASTA DE DENTE
2008:15034,38006,Gastos com viagens,32004,Eletrodomesticos,,AMPLIFICADOR
2008:15037,38006,Gastos com viagens,32004,Eletrodomesticos,,VIDEO GAME
2008:15054,38006,Gastos com viagens,32004,Eletrodomesticos,,KARAOKE | VIDEOKE
2008:15123,38006,Gastos com viagens,32004,Eletrodomesticos,,ACESSORIOS DE VIDEO GAME
2008:23008,34009,Estacionamento e vaga cativa de estacionamento,34007,Outros transporte,form#901a97a2,ESTACIONAMENTO | ESTACIONAMENTO EM SHOPPING | ESTACIONAMENTO-METRO | FLANELINHA
2008:23009,34011,Pedagio,34007,Outros transporte,form#2897ccc6,PEDAGIO
2008:23013,34010,Oleo diesel,34007,Outros transporte,form#02958fec,OLEO DIESEL (COMBUSTIVEL DE VEICULO)
2008:23025,31007,Outros servicos etc,34001,Urbano,form#640e5bf7,BANHEIRO PUBLICO
2008:23999,34007,Outros transporte,34002,Gasolina para veiculo proprio,form#be8cea10,AGREGADO
2008:24086,15208,Suco de fruta envasado,12302,Outros; Polpa de fruta; Gelatina; Mel de abelha,form#584e8bcc,SUCO DE FRUTA DIET | SUCO DE FRUTA DIETETICO | SUCO DE FRUTA OU VEGETAL DIET | SUCO DE FRUTA OU VEGETAL DIETETICO | SUCO DE VEGETAL DIET | SUCO DE VEGETAL DIETETICO
2008:24096,12305,Gelatina,12204,Outros; Rapadura; Bombom; Chiclete; Chocolate em tablete,form#0abe6e37,BOLO DE QUALQUER SABOR LIGHT | BOLO LIGHT DE QUALQUER SABOR | DOCE OU BOLO LIGHT | GELATINA LIGHT | GELEIA DE FRUTA LIGHT | MANJAR LIGHT | SONHO LIGHT | TORTA DOCE LIGHT | TORTA SALGADA LIGHT
2008:29029,36009,Material de tratamento,36001,Remedios,,COLIRIOS | PARA PROBLEMAS OCULARES (OFTALMOLOGICOS) | SOLUCAO OFTALMICA (PARA A VISTA)
2008:29043,36009,Material de tratamento,36001,Remedios,,"REPOSITOR ELETROLITICO (CLORETO DE POTASSIO, SODIO, ETC.) | SOLUCOES HIDRATANTES | SORO FISIOLOGICO HIDRATANTE"
2008:29308,35004,Produtos de uso pessoal,36009,Material de tratamento,,BALA DE GENGIBRE | CREME DENTAL MEDICINAL | FIXADOR DE DENTADURA | MANTEIGA DE CACAU | ODONTOLOGICO | PRODUTOS PARA CUIDADOS BUCAIS E DENTAIS
2008:29314,35006,Fralda descartável infantil,35004,Produtos de uso pessoal,form#9c2ec8a1,FRALDA DESCARTAVEL
2008:41001,38006,Gastos com viagens,34006,Viagens,form#4ce4f6c7,ONIBUS URBANO
2008:41002,38006,Gastos com viagens,34006,Viagens,form#4ce4f6c7,TREM
2008:41003,38006,Gastos com viagens,34006,Viagens,form#4ce4f6c7,AVIAO
2008:41004,38006,Gastos com viagens,34006,Viagens,form#4ce4f6c7,NAVIO
2008:41005,38006,Gastos com viagens,34006,Viagens,form#4ce4f6c7,COMBUSTIVEL DE VEICULO
2008:41006,38006,Gastos com viagens,34006,Viagens,form#4ce4f6c7,ALIMENTACAO | BARES | BEBIDAS | CARROCINHAS | LANCHONETES | QUIOSQUES | RESTAURANTES | TENDAS | TRAILERS
2008:41007,38006,Gastos com viagens,34006,Viagens,form#4ce4f6c7,ACAMPAMENTOS | ALBERGUES | ALOJAMENTO | DORMITORIOS | HOTEIS | MOTEIS | PENSOES | POUSADAS
2008:41008,38006,Gastos com viagens,34006,Viagens,form#4ce4f6c7,EXCURSAO (EXCETO ESCOLAR)
2008:41009,38006,Gastos com viagens,34006,Viagens,form#4ce4f6c7,ESTACIONAMENTO | GARAGEM
2008:41010,38006,Gastos com viagens,34006,Viagens,form#4ce4f6c7,ALUGUEL DE VEICULO SEM CONDUTOR
2008:41011,38006,Gastos com viagens,34006,Viagens,form#4ce4f6c7,TAXI
2008:41012,38006,Gastos com viagens,34006,Viagens,form#4ce4f6c7,BALSA | BARCO | FERRY-BOAT
2008:41013,38006,Gastos com viagens,34006,Viagens,form#4ce4f6c7,PEDAGIO
2008:41014,38006,Gastos com viagens,34006,Viagens,form#4ce4f6c7,METRO
2008:41015,38006,Gastos com viagens,34006,Viagens,form#4ce4f6c7,CAMINHAO | PASSAGEM DE CAMINHAO | PAU-DE-ARARA
2008:41016,38006,Gastos com viagens,34006,Viagens,form#4ce4f6c7,AUTOMOVEL UTILITARIO TIPO VAN | KOMBI | PASSAGEM EM AUTOMOVEL | PASSAGEM EM AUTOMOVEL UTILITARIO | TRANSPORTE ALTERNATIVO
2008:41017,38006,Gastos com viagens,34006,Viagens,form#4ce4f6c7,COLONIA DE FERIAS
2008:41018,38006,Gastos com viagens,34006,Viagens,form#4ce4f6c7,DOCUMENTACAO | TAXA ALFANDEGARIA
2008:41019,38006,Gastos com viagens,34006,Viagens,form#4ce4f6c7,GUARDA-VOLUMES
2008:41020,38006,Gastos com viagens,34006,Viagens,form#4ce4f6c7,ONIBUS INTERMUNICIPAL
2008:41021,38006,Gastos com viagens,34006,Viagens,form#4ce4f6c7,ONIBUS INTERNACIONAL
2008:41022,38006,Gastos com viagens,34006,Viagens,form#4ce4f6c7,ONIBUS INTERESTADUAL
2008:41023,38006,Gastos com viagens,34006,Viagens,form#4ce4f6c7,CARREGADOR DE BAGAGEM
2008:41024,38006,Gastos com viagens,34006,Viagens,form#4ce4f6c7,GUIA TURISTICO
2008:41025,38006,Gastos com viagens,34006,Viagens,form#4ce4f6c7,ALUGUEL DE IMOVEIS POR TEMPORADA
2008:41026,38006,Gastos com viagens,34006,Viagens,form#4ce4f6c7,ATIVIDADES CULTURAIS (INGRESSO) | BOATES (INGRESSO) | CINEMA (INGRESSO) | CINEMATECAS (INGRESSO) | CIRCOS (INGRESSO) | DANCETERIAS (INGRESSO) | DISCOTECAS (INGRESSO) | RODEIOS (INGRESSO) | SHOWS (INGRESSO) | TEATROS (INGRESSO) | VIDEOTECAS (INGRESSO)
2008:41033,38006,Gastos com viagens,34006,Viagens,form#4ce4f6c7,ATIVIDADES DESPORTIVAS (INGRESSO) | CAMPOS DE GOLFE (INGRESSO) | CIRCUITOS AUTOMOBILISTICOS (INGRESSO) | ESTADIOS (INGRESSO) | GINASIOS (INGRESSO) | HIPODROMOS (INGRESSO) | PESCA | QUADRAS DE TENIS (INGRESSO)
2008:41034,38006,Gastos com viagens,34006,Viagens,form#4ce4f6c7,BOLICHE
2008:41035,38006,Gastos com viagens,34006,Viagens,form#4ce4f6c7,BINGO
2008:41036,38006,Gastos com viagens,34006,Viagens,form#4ce4f6c7,LOCACAO DE BICICLETAS
2008:41037,38006,Gastos com viagens,34006,Viagens,form#4ce4f6c7,PEDALINHOS
2008:41038,38006,Gastos com viagens,34006,Viagens,form#4ce4f6c7,PARQUES DE DIVERSAO
2008:41039,38006,Gastos com viagens,34006,Viagens,form#4ce4f6c7,FLIPERAMA E SIMILARES
2008:41040,38006,Gastos com viagens,34006,Viagens,form#4ce4f6c7,PACOTES TURISTICOS NACIONAIS
2008:41041,38006,Gastos com viagens,34006,Viagens,form#4ce4f6c7,PACOTES TURISTICOS INTERNACIONAIS
2008:41042,38006,Gastos com viagens,34006,Viagens,form#4ce4f6c7,DESPESAS OPCIONAIS COM AGENCIAS DE VIAGEM
2008:41999,38006,Gastos com viagens,34006,Viagens,form#4ce4f6c7,AGREGADO
2008:47027,34009,Estacionamento e vaga cativa de estacionamento,42003,Outros investimentos,form#901a97a2,VAGA CATIVA (ESTACIONAMENTO)
2008:49015,37002,Curso superior,37003,Outros cursos,form#39bd9519,CURSO DE ESPECIALIZACAO | CURSO DE POS-GRADUACAO (ESPECIALIZACAO) | ESPECIALIZACAO
2008:49022,37002,Curso superior,37003,Outros cursos,form#39bd9519,CURSO DE MESTRADO | CURSO DE POS-GRADUACAO (MESTRADO) | MESTRADO
2008:49041,37002,Curso superior,37003,Outros cursos,form#39bd9519,CURSO DE DOUTORADO | CURSO DE POS-GRADUACAO (DOUTORADO) | DOUTORADO
2008:50007,34009,Estacionamento e vaga cativa de estacionamento,34007,Outros transporte,form#901a97a2,VAGA CATIVA DE ESTACIONAMENTO DE VEICULO | VAGA DE ESTACIONAMENTO DE VEICULO
2008:51003,34008,Bicicleta,34005,Aquisicao de veiculos,form#ec4086fe,BICICLETA
2008:6008,31003,Telefonia,31004,Telefone celular,form#50f9116d,"TELEFONE FIXO, CELULAR E INTERNET (PACOTE)"
2008:6009,31003,Telefonia,31004,Telefone celular,form#50f9116d,TELEFONE FIXO E INTERNET (PACOTE)
2008:6011,31003,Telefonia,31007,Outros servicos etc,form#48b8378f,TELEFONE FIXO E CELULAR (PACOTE)
2008:6012,31003,Telefonia,31007,Outros servicos etc,form#48b8378f,"BIP (MENSALIDADE, ASSINATURA, ALUGUEL) | MOBI (MENSALIDADE, ASSINATURA, ALUGUEL) | PAGERS (MENSALIDADE, ASSINATURA, ALUGUEL) | TELEFONE VIRTUAL - MENSAGEM (MENSALIDADE, ASSINATURA, ALUGUEL)"
2008:6013,31003,Telefonia,31004,Telefone celular,form#50f9116d,INTERNET E CELULAR (PACOTE)
2008:63005,01199,Outros,01103,Outros,,PIPOCA DE ARROZ INDUSTRIALIZADA
2008:63006,01104,Cevada,01103,Outros,,CEVADA EM GRAO
2008:63009,01105,Trigo,01103,Outros,,FARELO DE TRIGO (QUIRERA) | MASSA DE TRIGO | QUIRERA DE TRIGO | TRIGO EM GRAO | TRIGO INTEGRAL
2008:63010,01199,Outros,01103,Outros,,AMENDOIM EM CASCA IN NATURA | AMENDOIM EM GRAO IN NATURA | AMENDOIM NATURAL | MEDUBIM | MENDOBIM | MENDOIM
2008:63011,01213,Ervilha em grãos,01103,Outros,form#6cb80bc5,ERVILHA EM GRAO
2008:63017,01202,Feijão-jalo,01208,Outros feijões,,FEIJAO DO SUL | FEIJAO ENCARNADO | FEIJAO ENXOFRAO | FEIJAO GORDO | FEIJAO JALO | FEIJAO MOLEQUE | FEIJAO VERMELHO
2008:63020,01199,Outros,01103,Outros,,SEMENTE DE LINHACA
2008:63026,01208,Outros feijões,01103,Outros,,ANDU | FEIJAO ANDU | FEIJAO CRISTA | FEIJAO GUANDO | FEIJAO GUANDU | FEIJAO GUINE | FEIJAO SETE CAMADAS | GUANDO | GUANDU
2008:63027,01211,Tremolo,01103,Outros,,TREMOCO | TREMOCO AMARELO | TREMOCO BRANCO
2008:63028,01209,Grão de bico,01103,Outros,,GRAO DE BICO
2008:63029,01210,Lentilha,01103,Outros,,LENTILHA
2008:63030,01212,Soja em grão,01103,Outros,,FEIJAO SOJA | SOJA EM GRAO
2008:63032,01299,Outras,01103,Outros,form#89c7abae,SEMENTE DE ABOBORA
2008:63037,01212,Soja em grão,01103,Outros,,FEIJAO SOJA ORGANICO | SOJA EM GRAO ORGANICA
2008:63047,01299,Outras,01209,Outras,,LINHACA DOURADA
2008:63048,01299,Outras,01209,Outras,,SORGO EM GRAO
2008:63049,01299,Outras,01209,Outras,,QUINOA
2008:65006,12205,Pamonha,05202,Fubá de milho; Creme de milho,form#6cb165ee,FARINHA AMARELA | FARINHA DE FUBA | FARINHA DE MILHO | FECULA DE MILHO | FLOR DE MILHO | FUBA | FUBA DE MILHO | MASSA DE CANJICA | MASSA DE MILHO | MASSA DE PUBA | MASSA PARA PAMONHA | MILHARINA | MILHO MOIDO | MINGAU DE MILHO | MUCILON DE MILHO | PUBA DE FUBA | PUBA DE MILHO | SEMOLA DE MILHO
2008:69015,12304,Melado de cana,12103,Outros,form#adef62d8,MELADO | MELADO DE CANA
2008:69016,12303,Mel de abelha,12302,Outros; Polpa de fruta; Gelatina; Mel de abelha,form#200cea26,MEL | MEL COM AGRIAO | MEL COM ALHO | MEL COM PROPOLIS | MEL COMPOSTO | MEL DE ABELHA | MEL DE ENGENHO | MEL DE ROMA
2008:69017,12305,Gelatina,12204,Outros; Rapadura; Bombom; Chiclete; Chocolate em tablete,form#0abe6e37,GELATINA | GELATINA EM FOLHA | GELATINA EM PO
2008:69033,01299,Outras,01209,Outras,,AMENDOIM APIMENTADO | AMENDOIM COZIDO | AMENDOIM DOCE | AMENDOIM JAPONES | AMENDOIM SALGADO | AMENDOIM TORRADO
2008:69051,12205,Pamonha,12202,Doce de fruta,form#6cb165ee,PAMONHA
2008:69081,12305,Gelatina,12302,Outros; Polpa de fruta; Gelatina; Mel de abelha,form#0abe6e37,GELATINA DE DIETA | GELATINA DIET | GELATINA DIETETICA
2008:69090,12303,Mel de abelha,12302,Outros; Polpa de fruta; Gelatina; Mel de abelha,form#200cea26,MEL DE ABELHA ORGANICO | MEL ORGANICO | MEL ORGANICO COM ALHO | MEL ORGANICO COM PROPOLIS | MEL ORGANICO COMPOSTO | MEL ORGANICO DE ENGENHO | MEL ORGANICO DE ROMA
2008:69139,12305,Gelatina,12302,Outros; Polpa de fruta; Gelatina; Mel de abelha,form#0abe6e37,GELATINA EM FOLHA LIGHT | GELATINA EM PO LIGHT | GELATINA LIGHT
2008:77011,01299,Outras,01209,Outras,,LEGUME EM CONSERVA NAO-ESPECIFICADO | LEGUME NAO-ESPECIFICADO EM CONSERVA
2008:8073,40003,Cerimonias e festas,32001,Manutencao do lar,form#470a34da,MANUTENCAO DE JAZIGO
2008:8074,40003,Cerimonias e festas,32001,Manutencao do lar,form#470a34da,EXUMACAO
2008:8075,40003,Cerimonias e festas,32001,Manutencao do lar,form#470a34da,PLACA DE JAZIGO
2008:8076,40003,Cerimonias e festas,32001,Manutencao do lar,form#470a34da,CONDOMINIO DE JAZIGO | TAXA DE CONDOMINIO DE JAZIGO
2008:82020,15211,Caldo de cana,15209,Outras,form#78e2d7ab,CALDO DE CANA | GARAPA
2008:82021,15210,Agua de coco,15209,Outras,form#fe868d3f,AGUA DE COCO
2008:82037,15304,Café em grão,15303,Outros,form#c49e303a,CAFE EM GRAO
2008:82045,15212,Chocolate engarrafado ou encartonado,11106,Outros,form#211b47cd,CHOCOLATE ENGARRAFADO OU ENCARTONADO | CHOCOLATE LIQUIDO | CHOCOMILK ENCARTONADO | CHOCOMILK ENGARRAFADO
2008:82112,15212,Chocolate engarrafado ou encartonado,15209,Outras,form#211b47cd,CHOCOLATE ENGARRAFADO OU ENCARTONADO LIGHT | CHOCOMILK ENCARTONADO LIGHT | CHOCOMILK ENGARRAFADO LIGHT
2008:82113,15212,Chocolate engarrafado ou encartonado,15209,Outras,form#211b47cd,CHOCOLATE ENGARRAFADO OU ENCARTONADO DIET | CHOCOLATE ENGARRAFADO OU ENCARTONADO DIETETICO | CHOCOMILK ENCARTONADO DIET | CHOCOMILK ENCARTONADO LIGHT DIETETICO | CHOCOMILK ENGARRAFADO DIET | CHOCOMILK ENGARRAFADO LIGHT DIETETICO
2008:86061,34004,Manutencao de veiculo proprio,34007,Outros transporte,form#cab757c7,LIMPA-CARPETE | LIMPA-TAPETE | SHAMPU DE CARPETE | SHAMPU DE TAPETE
2008:89001,35005,Creme dental e fio dental,35004,Produtos de uso pessoal,form#21074115,CREME DENTAL | CREME DENTAL E FIO DENTAL | FIO DENTAL | FITA DENTAL | GEL DENTAL | PASTA DE DENTE | PASTA DENTAL
2017:23017,34010,Oleo diesel,34007,Outros transporte,form#02958fec,OLEO DIESEL (COMBUSTIVEL DE VEICULO)
2017:23019,34009,Estacionamento e vaga cativa de estacionamento,34007,Outros transporte,form#901a97a2,ESTACIONAMENTO | FLANELINHA
2017:23020,34011,Pedagio,34007,Outros transporte,form#2897ccc6,PEDAGIO
2017:23024,34001,Urbano,34007,Outros transporte,form#f95c4ec2,PLANO INCLINADO
2017:23025,34001,Urbano,34007,Outros transporte,form#f95c4ec2,ELEVADOR
2017:23032,37005,Artigos escolares,34001,Urbano,form#ada6e27b,TRANSPORTE ESCOLAR DIARIO
2017:24016,12305,Gelatina,16104,Refeição; Refeição pronta,form#6cb165ee;form#0abe6e37,ALGODAO DOCE | AMENDOIM DOCE | ARROZ DOCE | BANANA FRITA COM MEL | BARRA DE CEREAL DOCE | BOLINHO DOCE | BOLO | BRIGADEIRO | BROA DE FUBA | BROA DE MILHO | CACAROLA | CANJICA | CHURRO | COCADA | CURAU DE MILHO | CUZCUZ DOCE | DOCE | DOCE DE FRUTA CRISTALIZADO | DOCE DE FRUTA EM CALDA | DOCE DE FRUTA EM PASTA | DOCE OU BOLO | GELATINA | LEITE CONDENSADO | MANJAR | MARIA MOLE | MINGAU | MUNGUNZA | PAMONHA | PAO DOCE | PIPOCA DOCE | PUDIM | RAPADURA | ROSCA DOCE | SONHO | TAPIOCA DOCE | TORTA DOCE
2017:24094,12305,Gelatina,16104,Refeição; Refeição pronta,form#0abe6e37,BOLO LIGHT | DOCE DE FRUTA CRISTALIZADO LIGHT | DOCE DE FRUTA EM CALDA LIGHT | DOCE DE FRUTA EM PASTA LIGHT | DOCE LIGHT | DOCE OU BOLO LIGHT | GELATINA LIGHT | MANJAR LIGHT | ROSCA DOCE LIGHT | TORTA DOCE LIGHT
2017:29023,36009,Material de tratamento,36001,Remedios,,COLIRIOS | PARA PROBLEMA OCULAR (OFTALMOLOGICO) | SOLUCAO OFTALMICA (PARA A VISTA)
2017:29028,36009,Material de tratamento,36001,Remedios,,"AGUA BORICADA | AGUA DESTILADA | AGUA OXIGENADA | ALCOOL (PARA DESINFECCAO) | ALCOOL IODADO | DESINFETANTE TOPICO (AGUA OXIGENADA, ALCOOL IODADO, ETC.) | TINTURA DE ROMA"
2017:29029,36009,Material de tratamento,36001,Remedios,,"ALGODAO | ATADURA | ESPARADRAPO | FITA ADESIVA PARA CURATIVO | GAZE | LUVA CIRURGICA | MATERIAL PARA CURATIVO (ALGODAO, ESPARADRAPO, ETC.)"
2017:29030,36006,Servicos de cirurgia,36001,Remedios,,"APARELHO DE MEDIDOR DE GLICOSE | APARELHO PARA MEDIR PRESSAO | FITA PARA MEDICAO DE GLICOSE | MATERIAL PARA AUTODIAGNOSTICO (TERMOMETRO, TESTE DE GRAVIDEZ, ETC.) | RECIPIENTE PARA COLETAR FEZES E URINA | TERMOMETRO | TESTE DE GRAVIDEZ | UTENSILIO PARA COLETAR FEZES E URINA"
2017:29031,36006,Servicos de cirurgia,36001,Remedios,,"BOLSA DE AGUA QUENTE | BOLSA TERMICA PARA COMPRESSA | BOMBA PARA HIGIENE NASAL | BOMBA PARA INALACAO | EQUIPAMENTO DE MASSAGEM | MATERIAL PARA APOIO TERAPEUTICO (SONDA, BOMBA PARA INALACAO, ETC.) | PROTETOR DE SEIO | SONDA (QUALQUER TIPO)"
2017:29032,36009,Material de tratamento,36001,Remedios,,"AGULHA DE INJECAO | GARROTE DE BORRACHA | MATERIAL DE INJECAO (AGULHA, SERINGA, ETC.) | SERINGA DE INJECAO"
2017:29033,36009,Material de tratamento,36001,Remedios,,APLICACAO DE INJECAO
2017:29036,36010,Outras assistencia saude,36001,Remedios,,CAMISINHA (PRESERVATIVO MASCULINO) | DIU | LUBRIFICANTE INTIMO | PRESERVATIVO E LUBRIFICANTE INTIMO | PRESERVATIVO FEMININO | PRESERVATIVO MASCULINO
2017:29037,36006,Servicos de cirurgia,36001,Remedios,,"BICO | BORRACHA DE DENTICAO DE BEBE | BORRACHA DE MORDER | CHUCA | MAMADEIRA | MORDEDOR DE BEBE | MORDEDOR DE DENTICAO DE BEBE | PRODUTOS PARA BEBE (CHUPETA, MAMADEIRA, ETC.)"
2017:29038,36009,Material de tratamento,36001,Remedios,,LIQUIDO PARA LENTE DE CONTATO | LUBRIFICANTE PARA LENTE DE CONTATO | MATERIAL PARA HIGIENE DE LENTE DE CONTATO | SOLUCAO PARA LENTE DE CONTATO | SORO FISIOLOGICO PARA LENTE DE CONTATO
2017:29040,36009,Material de tratamento,36001,Remedios,,MANTEIGA DE CACAU
2017:29041,36009,Material de tratamento,36001,Remedios,,BALA DE GENGIBRE
2017:29042,35004,Produtos de uso pessoal,36001,Remedios,,FIXADOR DE DENTADURA
2017:29058,36009,Material de tratamento,36001,Remedios,,"REPOSITOR ELETROLITICO (CLORETO DE POTASSIO, SODIO, ETC.) | SOLUCOES HIDRATANTES | SORO FISIOLOGICO HIDRATANTE"
2017:30004,36009,Material de tratamento,35004,Produtos de uso pessoal,,COTONETE
2017:30013,35005,Creme dental e fio dental,35004,Produtos de uso pessoal,form#21074115,CREME DENTAL | GEL DENTAL | PASTA DE DENTE | PASTA DENTAL
2017:30017,35006,Fralda descartável infantil,35004,Produtos de uso pessoal,form#9c2ec8a1,FRALDA DESCARTAVEL INFANTIL
2017:30020,35005,Creme dental e fio dental,35004,Produtos de uso pessoal,form#21074115,FIO DENTAL | FITA DENTAL
2017:32017,37004,Livros e revistas tecnicas,37005,Artigos escolares,form#79438f83,BIBLIA IMPRESSA | FASCICULO IMPRESSO | LIVRO DE CATECISMO IMPRESSO | LIVRO NAO DIDATICO IMPRESSO | ROMANCE IMPRESSO
2017:32018,38003,Periodicos livros e revistas,37005,Artigos escolares,form#d17a4908,LIVRO NAO DIDATICO DIGITAL
2017:32038,40006,Outras despesas diversas,37005,Artigos escolares,form#329d6435,"CARTAO DE ANIVERSARIO | CARTAO DE NATAL | CARTAO DE NATAL, ANIVERSARIO, ETC. | CARTAO POSTAL"
2017:32047,38005,Outras recreacao etc,37005,Artigos escolares,form#ff378720,BIGODE PARA CARNAVAL | CONFETE OU SERPENTINA PARA CARNAVAL | CONFETE PARA CARNAVAL | GLITER | LANTEJOULA | SERPENTINA PARA CARNAVAL
2017:32048,38005,Outras recreacao etc,37005,Artigos escolares,form#ff378720,ENFEITES DE PAREDE DE FESTA
2017:32049,38005,Outras recreacao etc,37005,Artigos escolares,form#ff378720,BANDEIRINHAS DE FESTA
2017:32050,38005,Outras recreacao etc,37005,Artigos escolares,form#ff378720,ARRANJO DE BOLO | ENFEITE DE BOLO
2017:32051,40006,Outras despesas diversas,37005,Artigos escolares,form#fe3cd9e8,TELA PARA PINTURA
2017:32052,40006,Outras despesas diversas,37005,Artigos escolares,form#fe3cd9e8,CAVALETE DE PINTURA DE TELA
2017:32053,40006,Outras despesas diversas,37005,Artigos escolares,form#fe3cd9e8,CAIXA DE PRESENTE
2017:32054,40006,Outras despesas diversas,37005,Artigos escolares,form#fe3cd9e8,PAPEL DE PRESENTE
2017:32071,40006,Outras despesas diversas,37005,Artigos escolares,form#fe3cd9e8,EMBALAGEM PARA PRESENTE
2017:32072,40006,Outras despesas diversas,37005,Artigos escolares,form#fe3cd9e8,DIARIO
2017:32074,40006,Outras despesas diversas,37005,Artigos escolares,form#fe3cd9e8,NAO TECIDO | TECIDO TNT
2017:32086,40006,Outras despesas diversas,37005,Artigos escolares,form#fe3cd9e8,CRACHA
2017:41001,38006,Gastos com viagens,34006,Viagens,form#4ce4f6c7,ALIMENTACAO | BARES | BEBIDAS | LANCHONETES | RESTAURANTES
2017:41002,38006,Gastos com viagens,34006,Viagens,form#4ce4f6c7,ONIBUS URBANO
2017:41003,38006,Gastos com viagens,34006,Viagens,form#4ce4f6c7,ONIBUS INTERMUNICIPAL
2017:41004,38006,Gastos com viagens,34006,Viagens,form#4ce4f6c7,ONIBUS INTERESTADUAL
2017:41005,38006,Gastos com viagens,34006,Viagens,form#4ce4f6c7,ONIBUS INTERNACIONAL
2017:41006,38006,Gastos com viagens,34006,Viagens,form#4ce4f6c7,"CAMINHAO | KOMBI | PAU-DE-ARARA | TRANSPORTE ALTERNATIVO (VAN, KOMBI, LOTADA, ETC.) | VAN"
2017:41007,38006,Gastos com viagens,34006,Viagens,form#4ce4f6c7,TAXI
2017:41008,38006,Gastos com viagens,34006,Viagens,form#4ce4f6c7,MOTO-TAXI
2017:41009,38006,Gastos com viagens,34006,Viagens,form#4ce4f6c7,METRO
2017:41010,38006,Gastos com viagens,34006,Viagens,form#4ce4f6c7,TREM
2017:41011,38006,Gastos com viagens,34006,Viagens,form#4ce4f6c7,"BALSA | BARCA | BARCO | FERRY-BOAT | NAVIO | TRANSPORTE AQUAVIARIO (BARCA, BALSA, NAVIO, ETC.)"
2017:41012,38006,Gastos com viagens,34006,Viagens,form#4ce4f6c7,AVIAO (VIAGEM NACIONAL)
2017:41013,38006,Gastos com viagens,34006,Viagens,form#4ce4f6c7,AVIAO (VIAGEM INTERNACIONAL)
2017:41014,38006,Gastos com viagens,34006,Viagens,form#4ce4f6c7,ALUGUEL DE VEICULO SEM CONDUTOR
2017:41015,38006,Gastos com viagens,34006,Viagens,form#4ce4f6c7,COMBUSTIVEL DE VEICULO
2017:41016,38006,Gastos com viagens,34006,Viagens,form#4ce4f6c7,PEDAGIO
2017:41017,38006,Gastos com viagens,34006,Viagens,form#4ce4f6c7,"ACAMPAMENTO | ALBERGUE | DORMITORIO | HOSPEDAGEM (HOTEL, POUSADA OU OUTRO TIPO DE ALOJAMENTO) | HOTEL | MOTEL | PENSAO | POUSADA"
2017:41018,38006,Gastos com viagens,34006,Viagens,form#4ce4f6c7,EXCURSAO (EXCETO ESCOLAR)
2017:41019,38006,Gastos com viagens,34006,Viagens,form#4ce4f6c7,ALUGUEL DE IMOVEIS POR TEMPORADA
2017:41020,38006,Gastos com viagens,34006,Viagens,form#4ce4f6c7,CINEMA (INGRESSO)
2017:41021,38006,Gastos com viagens,34006,Viagens,form#4ce4f6c7,TEATRO (INGRESSO)
2017:41022,38006,Gastos com viagens,34006,Viagens,form#4ce4f6c7,PARQUE DE DIVERSAO (INGRESSO)
2017:41023,38006,Gastos com viagens,34006,Viagens,form#4ce4f6c7,SHOW (INGRESSO)
2017:41024,38006,Gastos com viagens,34006,Viagens,form#4ce4f6c7,FUTEBOL DE CAMPO (INGRESSO)
2017:41025,38006,Gastos com viagens,34006,Viagens,form#4ce4f6c7,VOLEIBOL (INGRESSO)
2017:41026,38006,Gastos com viagens,34006,Viagens,form#4ce4f6c7,AUTOMOBILISMO (INGRESSO)
2017:41027,38006,Gastos com viagens,34006,Viagens,form#4ce4f6c7,"PACOTE TURISTICO NACIONAL (TRANSPORTE, HOSPEDAGEM, ALIMENTACAO E DIVERSAO)"
2017:41028,38006,Gastos com viagens,34006,Viagens,form#4ce4f6c7,"PACOTE TURISTICO NACIONAL (TRANSPORTE, HOSPEDAGEM E ALIMENTACAO)"
2017:41029,38006,Gastos com viagens,34006,Viagens,form#4ce4f6c7,"PACOTE TURISTICO NACIONAL (TRANSPORTE, HOSPEDAGEM E DIVERSAO)"
2017:41030,38006,Gastos com viagens,34006,Viagens,form#4ce4f6c7,PACOTE TURISTICO NACIONAL (TRANSPORTE E HOSPEDAGEM)
2017:41031,38006,Gastos com viagens,34006,Viagens,form#4ce4f6c7,"PACOTE TURISTICO NACIONAL (HOSPEDAGEM, ALIMENTACAO E DIVERSAO)"
2017:41032,38006,Gastos com viagens,34006,Viagens,form#4ce4f6c7,PACOTE TURISTICO NACIONAL (HOSPEDAGEM E ALIMENTACAO)
2017:41033,38006,Gastos com viagens,34006,Viagens,form#4ce4f6c7,PACOTE TURISTICO NACIONAL (HOSPEDAGEM E DIVERSAO)
2017:41034,38006,Gastos com viagens,34006,Viagens,form#4ce4f6c7,"PACOTE TURISTICO INTERNACIONAL (TRANSPORTE, HOSPEDAGEM, ALIMENTACAO E DIVERSAO)"
2017:41035,38006,Gastos com viagens,34006,Viagens,form#4ce4f6c7,"PACOTE TURISTICO INTERNACIONAL (TRANSPORTE, HOSPEDAGEM E ALIMENTACAO)"
2017:41036,38006,Gastos com viagens,34006,Viagens,form#4ce4f6c7,"PACOTE TURISTICO INTERNACIONAL (TRANSPORTE, HOSPEDAGEM E DIVERSAO)"
2017:41037,38006,Gastos com viagens,34006,Viagens,form#4ce4f6c7,PACOTE TURISTICO INTERNACIONAL (TRANSPORTE E HOSPEDAGEM)
2017:41038,38006,Gastos com viagens,34006,Viagens,form#4ce4f6c7,"PACOTE TURISTICO INTERNACIONAL (HOSPEDAGEM, ALIMENTACAO E DIVERSAO)"
2017:41039,38006,Gastos com viagens,34006,Viagens,form#4ce4f6c7,PACOTE TURISTICO INTERNACIONAL (HOSPEDAGEM E ALIMENTACAO)
2017:41040,38006,Gastos com viagens,34006,Viagens,form#4ce4f6c7,PACOTE TURISTICO INTERNACIONAL (HOSPEDAGEM E DIVERSAO)
2017:41041,38006,Gastos com viagens,34006,Viagens,form#4ce4f6c7,PACOTE TURISTICO NACIONAL
2017:41042,38006,Gastos com viagens,34006,Viagens,form#4ce4f6c7,PACOTE TURISTICO INTERNACIONAL
2017:41043,38006,Gastos com viagens,34006,Viagens,form#4ce4f6c7,DESPESAS OPCIONAIS COM AGENCIAS DE VIAGEM
2017:41044,38006,Gastos com viagens,34006,Viagens,form#4ce4f6c7,MUSEU (INGRESSO)
2017:41045,38006,Gastos com viagens,34006,Viagens,form#4ce4f6c7,CIRCO (INGRESSO)
2017:41046,38006,Gastos com viagens,34006,Viagens,form#4ce4f6c7,"DANCETERIA, BOATE OU CASA NOTURNA"
2017:41047,38006,Gastos com viagens,34006,Viagens,form#4ce4f6c7,BASQUETEBOL (INGRESSO)
2017:41048,38006,Gastos com viagens,34006,Viagens,form#4ce4f6c7,TENIS (INGRESSO)
2017:41049,38006,Gastos com viagens,34006,Viagens,form#4ce4f6c7,GOLFE (INGRESSO)
2017:41050,38006,Gastos com viagens,34006,Viagens,form#4ce4f6c7,HIPODROMO (INGRESSO)
2017:41051,38006,Gastos com viagens,34006,Viagens,form#4ce4f6c7,RODEIO (INGRESSO)
2017:41052,38006,Gastos com viagens,34006,Viagens,form#4ce4f6c7,PESCA
2017:41053,38006,Gastos com viagens,34006,Viagens,form#4ce4f6c7,BOLICHE
2017:41054,38006,Gastos com viagens,34006,Viagens,form#4ce4f6c7,BINGO
2017:41055,38006,Gastos com viagens,34006,Viagens,form#4ce4f6c7,FLIPERAMA E SIMILARES
2017:41056,38006,Gastos com viagens,34006,Viagens,form#4ce4f6c7,PEDALINHOS
2017:41057,38006,Gastos com viagens,34006,Viagens,form#4ce4f6c7,COLONIA DE FERIAS
2017:41058,38006,Gastos com viagens,34006,Viagens,form#4ce4f6c7,ESTACIONAMENTO
2017:41059,38006,Gastos com viagens,34006,Viagens,form#4ce4f6c7,TAXA ALFANDEGARIA
2017:41060,38006,Gastos com viagens,34006,Viagens,form#4ce4f6c7,GUARDA-VOLUMES
2017:41061,38006,Gastos com viagens,34006,Viagens,form#4ce4f6c7,CARREGADOR DE BAGAGEM
2017:41062,38006,Gastos com viagens,34006,Viagens,form#4ce4f6c7,GUIA TURISTICO
2017:41063,38006,Gastos com viagens,34006,Viagens,form#4ce4f6c7,LOCACAO DE BICICLETAS
2017:41064,38006,Gastos com viagens,34006,Viagens,form#4ce4f6c7,UBER
2017:41065,38006,Gastos com viagens,34006,Viagens,form#4ce4f6c7,EXPOSICAO (INGRESSO)
2017:41066,38006,Gastos com viagens,34006,Viagens,form#4ce4f6c7,PARQUES NATURAIS E BALNEARIOS
2017:41067,38006,Gastos com viagens,34006,Viagens,form#4ce4f6c7,PASSEIO TURISTICO
2017:41068,38006,Gastos com viagens,34006,Viagens,form#4ce4f6c7,DESPACHO DE BAGAGEM
2017:41069,38006,Gastos com viagens,34006,Viagens,form#4ce4f6c7,EVENTOS RELIGIOSOS
2017:41071,38006,Gastos com viagens,34006,Viagens,form#4ce4f6c7,TRIATLO (INGRESSO)
2017:41072,38006,Gastos com viagens,34006,Viagens,form#4ce4f6c7,HOQUEI (INGRESSO)
2017:41999,38006,Gastos com viagens,34006,Viagens,form#4ce4f6c7,AGREGADO
2017:44001,38002,Celular e acessorios,40002,Comunicacao,form#5d131791,CARTAO DE TELEFONIA CELULAR | RECARGA DE CELULAR
2017:44002,38002,Celular e acessorios,40002,Comunicacao,form#5d131791,CONTA DE TELEFONIA CELULAR (VOZ) | CONTA DE TELEFONIA CELULAR (VOZ+INTERNET)
2017:44003,38002,Celular e acessorios,40002,Comunicacao,form#5d131791,CONTA DE TELEFONIA CELULAR (INTERNET)
2017:44004,38002,Celular e acessorios,40002,Comunicacao,form#5d131791,APARELHO DE TELEFONE CELULAR
2017:44005,38002,Celular e acessorios,40002,Comunicacao,form#5d131791,"APLICATIVOS PARA TELEFONE CELULAR (UTILITARIOS, JOGOS, NOTICIAS, ETC.)"
2017:44006,38002,Celular e acessorios,40002,Comunicacao,form#5d131791,"ACESSORIOS DE TELEFONE CELULAR (CAPA, BATERIA, CARREGADOR, ETC.) | ANTENA PARA TELEFONE CELULAR | BATERIA DE TELEFONE CELULAR | CABO PARA TELEFONE CELULAR | CAPA DE TELEFONE CELULAR | CARREGADOR DE ENERGIA PARA TELEFONE CELULAR | CHIP DE TELEFONE CELULAR | FONE DE OUVIDO PARA CELULAR | PELICULA PARA CELULAR | TELA PARA TELEFONE CELULAR"
2017:44007,38002,Celular e acessorios,40002,Comunicacao,form#5d131791,PACOTE DE VOZ (PARA LIGACAO)
2017:44008,38002,Celular e acessorios,40002,Comunicacao,form#5d131791,SEGURO PARA TELEFONE CELULAR
2017:50012,34009,Estacionamento e vaga cativa de estacionamento,34005,Aquisicao de veiculos,form#901a97a2,VAGA CATIVA DE ESTACIONAMENTO DE VEICULO | VAGA DE ESTACIONAMENTO DE VEICULO
2017:51006,34008,Bicicleta,34005,Aquisicao de veiculos,form#ec4086fe,BICICLETA
2017:6007,31003,Telefonia,31007,Outros servicos etc,form#48b8378f,PACOTE COM TELEFONE FIXO E CELULAR
2017:6008,31003,Telefonia,31004,Telefone celular,form#50f9116d,PACOTE COM TELEFONE FIXO E INTERNET
2017:6009,31003,Telefonia,31004,Telefone celular,form#50f9116d,PACOTE COM TELEFONE FIXO E TV POR ASSINATURA
2017:6010,38002,Celular e acessorios,31007,Outros servicos etc,form#48b8378f;form#cfd0e5d6,PACOTE COM CELULAR E INTERNET
2017:6011,38002,Celular e acessorios,31007,Outros servicos etc,form#48b8378f;form#cfd0e5d6,PACOTE COM CELULAR E TV POR ASSINATURA
2017:6013,31003,Telefonia,31004,Telefone celular,form#50f9116d,"PACOTE COM TELEFONE FIXO, CELULAR E INTERNET"
2017:6016,38002,Celular e acessorios,31004,Telefone celular,form#50f9116d;form#cfd0e5d6,"PACOTE COM CELULAR, INTERNET E TV POR ASSINATURA"
2017:63005,01199,Outros,01103,Outros,,PIPOCA DE ARROZ INDUSTRIALIZADA
2017:63006,01104,Cevada,01103,Outros,,CEVADA EM GRAO
2017:63009,01105,Trigo,01103,Outros,,FARELO DE TRIGO (QUIRERA) | MASSA DE TRIGO | QUIRERA DE TRIGO | TRIGO EM GRAO | TRIGO INTEGRAL
2017:63010,01199,Outros,01103,Outros,,AMENDOIM EM CASCA IN NATURA | AMENDOIM EM GRAO IN NATURA | AMENDOIM NATURAL | MEDUBIM | MENDOBIM | MENDOIM
2017:63011,01213,Ervilha em grãos,01103,Outros,form#6cb80bc5,ERVILHA EM GRAO
2017:63017,01202,Feijão-jalo,01208,Outros feijões,,FEIJAO DO SUL | FEIJAO ENCARNADO | FEIJAO ENXOFRAO | FEIJAO GORDO | FEIJAO JALO | FEIJAO MOLEQUE | FEIJAO VERMELHO
2017:63020,01199,Outros,01103,Outros,,SEMENTE DE LINHACA
2017:63026,01208,Outros feijões,01103,Outros,,ANDU | FEIJAO ANDU | FEIJAO CRISTA | FEIJAO GUANDO | FEIJAO GUANDU | FEIJAO GUINE | FEIJAO SETE CAMADAS | GUANDO | GUANDU
2017:63027,01211,Tremolo,01103,Outros,,TREMOCO | TREMOCO AMARELO | TREMOCO BRANCO
2017:63028,01209,Grão de bico,01103,Outros,,GRAO DE BICO
2017:63029,01210,Lentilha,01103,Outros,,LENTILHA
2017:63030,01212,Soja em grão,01103,Outros,,FEIJAO SOJA | SOJA EM GRAO
2017:63032,01299,Outras,01103,Outros,form#89c7abae,SEMENTE DE ABOBORA
2017:63037,01212,Soja em grão,01103,Outros,,FEIJAO SOJA ORGANICO | SOJA EM GRAO ORGANICA
2017:63047,01299,Outras,01209,Outras,,LINHACA DOURADA
2017:63048,01299,Outras,01209,Outras,,SORGO EM GRAO
2017:63049,01299,Outras,01209,Outras,,QUINOA
2017:63050,01299,Outras,01209,Outras,,FEIJAO BRANCO
2017:63055,01208,Outros feijões,01101,Arroz integral; Arroz não especificado; Arroz polido,,FEIJAO SEMIPRONTO NAO ESPECIFICADO
2017:63056,01208,Outros feijões,01101,Arroz integral; Arroz não especificado; Arroz polido,,FEIJAO AZUKI
2017:63057,01299,Outras,01209,Outras,,SEMENTE NAO ESPECIFICADA
2017:65006,12205,Pamonha,05202,Fubá de milho; Creme de milho,form#6cb165ee,FARINHA AMARELA | FARINHA DE FUBA | FARINHA DE MILHO | FECULA DE MILHO | FLOR DE MILHO | FUBA | FUBA DE MILHO | MASSA DE CANJICA | MASSA DE MILHO | MASSA DE PUBA | MASSA PARA PAMONHA | MILHARINA | MILHO MOIDO | MINGAU DE MILHO | MUCILON DE MILHO | PUBA DE FUBA | PUBA DE MILHO | SEMOLA DE MILHO
2017:65075,01199,Outros,01103,Outros,,CHIA
2017:69015,12304,Melado de cana,12103,Outros,form#adef62d8,MELADO | MELADO DE CANA
2017:69016,12303,Mel de abelha,12302,Outros; Polpa de fruta; Gelatina; Mel de abelha,form#200cea26,MEL | MEL COM AGRIAO | MEL COM ALHO | MEL COM PROPOLIS | MEL COMPOSTO | MEL DE ABELHA | MEL DE ENGENHO | MEL DE ROMA
2017:69017,12305,Gelatina,12204,Outros; Rapadura; Bombom; Chiclete; Chocolate em tablete,form#0abe6e37,GELATINA | GELATINA EM FOLHA | GELATINA EM PO
2017:69033,01299,Outras,01209,Outras,,AMENDOIM APIMENTADO | AMENDOIM COZIDO | AMENDOIM DOCE | AMENDOIM JAPONES | AMENDOIM SALGADO | AMENDOIM TORRADO
2017:69051,12205,Pamonha,12202,Doce de fruta,form#6cb165ee,PAMONHA
2017:69081,12305,Gelatina,12302,Outros; Polpa de fruta; Gelatina; Mel de abelha,form#0abe6e37,GELATINA DE DIETA | GELATINA DIET | GELATINA DIETETICA
2017:69090,12303,Mel de abelha,12302,Outros; Polpa de fruta; Gelatina; Mel de abelha,form#200cea26,MEL DE ABELHA ORGANICO | MEL ORGANICO | MEL ORGANICO COM ALHO | MEL ORGANICO COM PROPOLIS | MEL ORGANICO COMPOSTO | MEL ORGANICO DE ENGENHO | MEL ORGANICO DE ROMA
2017:69139,12305,Gelatina,12302,Outros; Polpa de fruta; Gelatina; Mel de abelha,form#0abe6e37,GELATINA EM FOLHA LIGHT | GELATINA EM PO LIGHT | GELATINA LIGHT
2017:77011,01299,Outras,01209,Outras,,LEGUME EM CONSERVA NAO-ESPECIFICADO | LEGUME NAO-ESPECIFICADO EM CONSERVA
2017:82020,15211,Caldo de cana,15209,Outras,form#78e2d7ab,CALDO DE CANA | GARAPA
2017:82021,15210,Agua de coco,15209,Outras,form#fe868d3f,AGUA DE COCO
2017:82037,15304,Café em grão,15303,Outros,form#c49e303a,CAFE EM GRAO
2017:82045,15212,Chocolate engarrafado ou encartonado,11106,Outros,form#211b47cd,CHOCOLATE ENGARRAFADO OU ENCARTONADO | CHOCOLATE LIQUIDO | CHOCOMILK ENCARTONADO | CHOCOMILK ENGARRAFADO
2017:82112,15212,Chocolate engarrafado ou encartonado,15209,Outras,form#211b47cd,CHOCOLATE ENGARRAFADO OU ENCARTONADO LIGHT | CHOCOMILK ENCARTONADO LIGHT | CHOCOMILK ENGARRAFADO LIGHT
2017:82113,15212,Chocolate engarrafado ou encartonado,15209,Outras,form#211b47cd,CHOCOLATE ENGARRAFADO OU ENCARTONADO DIET | CHOCOLATE ENGARRAFADO OU ENCARTONADO DIETETICO | CHOCOMILK ENCARTONADO DIET | CHOCOMILK ENCARTONADO LIGHT DIETETICO | CHOCOMILK ENGARRAFADO DIET | CHOCOMILK ENGARRAFADO LIGHT DIETETICO
