0,1,2,3,4,5,6,7,8,9
,,"Tabela 419 - Aquisição (monetária) alimentar domiciliar per capita anual por grupos, subgrupos e produtos e classes de recebimento mensal familiar",,,,,,,
,,Variável - Aquisição (monetária) alimentar domiciliar per capita anual (Quilogramas),,,,,,,
,,Total das áreas - POF - Total das áreas,,,,,,,
,,Classes de recebimento mensal familiar - Total,,,,,,,
,,"Grupos, subgrupos e produtos",Ano,,,,,,
,,,1987,1995,2002,2008,,,
,,Total,377.416,339.742,309.605,297.95,Total,,Total
1. Cereais e leguminosas,NADA,1. Cereais e leguminosas,43.821,38.972,32.598,29.356,1. Cereais e leguminosas,,1. Cereais e leguminosas
1. Cereais e leguminosas,1.1 Cereais,1.1 Cereais,31.712,28.486,23.347,21.569,1.1 Cereais,,1.1 Cereais
1. Cereais e leguminosas,1.1 Cereais,1.1.1 Arroz integral,0.411,0.284,...,...,1.1.1 Arroz,1.1.1 Arroz integral1.1.1 Arroz não especificado1.1.2 Arroz polido,1.1.1 Arroz integral1.1.1 Arroz não especificado1.1.2 Arroz polido
1. Cereais e leguminosas,1.1 Cereais,1.1.1 Arroz não especificado,...,...,5.043,7.754,,,0
1. Cereais e leguminosas,1.1 Cereais,1.1.2 Arroz polido,29.913,26.483,16.743,12.681,,,0
1. Cereais e leguminosas,1.1 Cereais,1.1.3 Milho seco,0.893,1.258,...,...,1.1.3 Milho,1.1.3 Milho seco1.1.3 Milho em grão1.1.4 Milho verde em conserva1.1.5 Milho verde em espiga,1.1.3 Milho seco1.1.3 Milho em grão1.1.4 Milho verde em conserva1.1.5 Milho verde em espiga
1. Cereais e leguminosas,1.1 Cereais,1.1.3 Milho em grão,...,...,1.174,0.624,,,0
1. Cereais e leguminosas,1.1 Cereais,1.1.4 Milho verde em conserva,...,...,0.115,0.203,,,0
1. Cereais e leguminosas,1.1 Cereais,1.1.5 Milho verde em espiga,...,...,0.175,0.235,,,0
1. Cereais e leguminosas,1.1 Cereais,1.1.6 Outros,0.473,0.462,0.096,0.072,1.1.6 Outros,,1.1.6 Outros
1. Cereais e leguminosas,1.2 Leguminosas,1.2 Leguminosas,12.109,10.486,9.251,7.787,1.2 Leguminosas,,1.2 Leguminosas
1. Cereais e leguminosas,1.2 Leguminosas,1.2.1 Feijão-fradinho,0.561,0.62,0.66,0.818,1.2.1 Feijão-fradinho,,1.2.1 Feijão-fradinho
1. Cereais e leguminosas,1.2 Leguminosas,1.2.2 Feijão-jalo,0.367,0.107,0.034,0.041,1.2.2 Feijão-jalo,,1.2.2 Feijão-jalo
1. Cereais e leguminosas,1.2 Leguminosas,1.2.3 Feijão-manteiga,0.193,0.132,0.081,0.13,1.2.3 Feijão-manteiga,,1.2.3 Feijão-manteiga
1. Cereais e leguminosas,1.2 Leguminosas,1.2.4 Feijão-mulatinho,1.465,0.717,0.49,0.733,1.2.4 Feijão-mulatinho,,1.2.4 Feijão-mulatinho
1. Cereais e leguminosas,1.2 Leguminosas,1.2.5 Feijão-preto,4.245,3.815,3.083,2.511,1.2.5 Feijão-preto,,1.2.5 Feijão-preto
1. Cereais e leguminosas,1.2 Leguminosas,1.2.6 Feijão-rajado,4.129,4.491,3.275,2.741,1.2.6 Feijão-rajado,,1.2.6 Feijão-rajado
1. Cereais e leguminosas,1.2 Leguminosas,1.2.7 Feijão-roxo,0.555,0.146,0.052,0.023,1.2.7 Feijão-roxo,,1.2.7 Feijão-roxo
1. Cereais e leguminosas,1.2 Leguminosas,1.2.8 Outros feijões,...,...,1.12,0.395,1.2.8 Outros feijões,,1.2.8 Outros feijões
1. Cereais e leguminosas,1.2 Leguminosas,1.2.9 Outras,0.547,0.459,0.456,0.396,1.2.9 Outras,,1.2.9 Outras
2. Hortaliças,NADA,2. Hortaliças,45.533,34.419,28.669,26.6,2. Hortaliças,,2. Hortaliças
2. Hortaliças,2.1 Hortaliças folhosas e florais,2.1 Hortaliças folhosas e florais,5.776,2.815,2.478,3.158,2.1 Hortaliças folhosas e florais,,2.1 Hortaliças folhosas e florais
2. Hortaliças,2.1 Hortaliças folhosas e florais,2.1.1 Acelga,...,...,0.096,0.036,,,0
2. Hortaliças,2.1 Hortaliças folhosas e florais,2.1.2 Agrião,0.306,0.125,0.256,0.124,2.1.2 Agrião,,2.1.2 Agrião
2. Hortaliças,2.1 Hortaliças folhosas e florais,2.1.3 Alface,1.273,0.655,0.463,0.874,2.1.3 Alface,,2.1.3 Alface
2. Hortaliças,2.1 Hortaliças folhosas e florais,2.1.4 Cheiro-verde,0.339,0.104,0.074,0.192,2.1.4 Cheiro-verde,,2.1.4 Cheiro-verde
2. Hortaliças,2.1 Hortaliças folhosas e florais,2.1.5 Couve,0.542,0.648,0.095,0.331,2.1.5 Couve,2.1.5 Couve2.1.6 Couve-brócolis,2.1.5 Couve2.1.6 Couve-brócolis
2. Hortaliças,2.1 Hortaliças folhosas e florais,2.1.6 Couve-brócolis,...,...,0.208,0.261,,,0
2. Hortaliças,2.1 Hortaliças folhosas e florais,2.1.7 Couve-flor,0.462,0.254,0.268,0.223,2.1.7 Couve-flor,,2.1.7 Couve-flor
2. Hortaliças,2.1 Hortaliças folhosas e florais,2.1.8 Repolho fresco,1.474,0.994,...,...,2.1.8 Repolho,2.1.8 Repolho fresco2.1.8 Repolho,2.1.8 Repolho fresco2.1.8 Repolho
2. Hortaliças,2.1 Hortaliças folhosas e florais,2.1.8 Repolho,...,...,0.886,0.81,,,0
2. Hortaliças,2.1 Hortaliças folhosas e florais,2.1.9 Outras,1.38,0.034,0.132,0.308,2.1.9 Outras,2.1.9 Outras2.1.1 Acelga,2.1.9 Outras2.1.1 Acelga
2. Hortaliças,2.2 Hortaliças frutosas,2.2 Hortaliças frutosas,13.424,12.303,13.798,12.405,2.2 Hortaliças frutosas,,2.2 Hortaliças frutosas
2. Hortaliças,2.2 Hortaliças frutosas,2.2.1 Abóbora comum,1.189,1.205,...,...,2.2.1 Abóbora,2.2.1 Abóbora comum2.2.1 Abóbora,2.2.1 Abóbora comum2.2.1 Abóbora
2. Hortaliças,2.2 Hortaliças frutosas,2.2.1 Abóbora,...,...,1.018,1.012,,,0
2. Hortaliças,2.2 Hortaliças frutosas,2.2.2 Abobrinha,0.686,0.387,0.355,0.509,2.2.2 Abobrinha,,2.2.2 Abobrinha
2. Hortaliças,2.2 Hortaliças frutosas,2.2.3 Azeitona em conserva,...,...,0.142,0.145,,,0
2. Hortaliças,2.2 Hortaliças frutosas,2.2.4 Berinjela,0.318,0.195,0.319,0.254,2.2.4 Berinjela,,2.2.4 Berinjela
2. Hortaliças,2.2 Hortaliças frutosas,2.2.5 Cebola,...,...,3.567,3.19,2.2.5 Cebola,2.2.5 Cebola2.3.8 Cebola fresca,2.2.5 Cebola2.3.8 Cebola fresca
2. Hortaliças,2.2 Hortaliças frutosas,2.2.6 Chuchu,1.669,1.522,0.968,0.942,2.2.6 Chuchu,,2.2.6 Chuchu
2. Hortaliças,2.2 Hortaliças frutosas,2.2.7 Jiló,0.404,0.382,0.239,0.124,2.2.7 Jiló,,2.2.7 Jiló
2. Hortaliças,2.2 Hortaliças frutosas,2.2.8 Maxixe,...,...,0.069,0.025,,,0
2. Hortaliças,2.2 Hortaliças frutosas,2.2.9 Pepino fresco,0.507,0.525,0.509,0.447,2.2.9 Pepino fresco,,2.2.9 Pepino fresco
2. Hortaliças,2.2 Hortaliças frutosas,2.2.10 Pimentão,0.809,1.042,0.75,0.659,2.2.10 Pimentão,,2.2.10 Pimentão
2. Hortaliças,2.2 Hortaliças frutosas,2.2.11 Quiabo,0.382,0.438,0.371,0.2,2.2.11 Quiabo,,2.2.11 Quiabo
2. Hortaliças,2.2 Hortaliças frutosas,2.2.12 Tomate,6.289,5.63,4.745,4.606,2.2.12 Tomate,,2.2.12 Tomate
2. Hortaliças,2.2 Hortaliças frutosas,2.2.13 Vagem,0.657,0.502,0.3,0.193,2.2.13 Vagem,,2.2.13 Vagem
2. Hortaliças,2.2 Hortaliças frutosas,2.2.14 Outras,0.513,0.475,0.447,0.099,2.2.14 Outras,2.2.14 Outras2.2.8 Maxixe2.2.3 Azeitona em conserva1.2.8 Outros feijões,2.2.14 Outras2.2.8 Maxixe2.2.3 Azeitona em conserva1.2.8 Outros feijões
2. Hortaliças,2.2 Hortaliças frutosas,2.3 Hortaliças tuberosas e outras,26.333,19.301,12.393,11.036,2.3 Hortaliças tuberosas e outras,,2.3 Hortaliças tuberosas e outras
2. Hortaliças,2.3.1 Alho,2.3.1 Alho,0.32,0.337,0.409,0.482,2.3.1 Alho,,2.3.1 Alho
2. Hortaliças,2.3.1 Alho,2.3.2 Batata-aipo,...,...,0.083,0.136,,,0
2. Hortaliças,2.3.1 Alho,2.3.3 Batata-baroa,...,...,0.082,0.076,,,0
2. Hortaliças,2.3.1 Alho,2.3.4 Batata-doce,0.739,0.647,0.405,0.38,2.3.4 Batata-doce,,2.3.4 Batata-doce
2. Hortaliças,2.3.1 Alho,2.3.5 Batata-inglesa,13.042,9.218,5.149,4.113,2.3.5 Batata-inglesa,,2.3.5 Batata-inglesa
2. Hortaliças,2.3.1 Alho,2.3.6 Batata não especificada,...,...,1.802,1.863,2.3.6 Batata não especificada,2.3.6 Batata não especificada2.3.3 Batata-baroa2.3.2 Batata-aipo,2.3.6 Batata não especificada2.3.3 Batata-baroa2.3.2 Batata-aipo
2. Hortaliças,2.3.1 Alho,2.3.7 Beterraba,0.919,0.706,0.465,0.489,2.3.7 Beterraba,,2.3.7 Beterraba
2. Hortaliças,2.3.1 Alho,2.3.8 Cebola fresca,6.541,4.064,...,...,,,0
2. Hortaliças,2.3.1 Alho,2.3.8 Cará,...,...,0.09,0.109,,,0
2. Hortaliças,2.3.1 Alho,2.3.9 Cenoura,2.711,2.666,2.104,1.796,2.3.9 Cenoura,,2.3.9 Cenoura
2. Hortaliças,2.3.1 Alho,2.3.10 Inhame,0.533,0.339,0.387,0.35,2.3.10 Inhame,,2.3.10 Inhame
2. Hortaliças,2.3.1 Alho,2.3.11 Mandioca,0.995,0.936,0.998,1.098,2.3.11 Mandioca,,2.3.11 Mandioca
2. Hortaliças,2.3.1 Alho,2.3.12 Outras,0.534,0.388,0.419,0.142,2.3.12 Outras,2.3.12 Outras2.3.8 Cará,2.3.12 Outras2.3.8 Cará
3. Frutas,NADA,3. Frutas,47.984,40.397,28.12,30.757,3. Frutas,,3. Frutas
3. Frutas,3.1 Frutas de clima tropical,3.1 Frutas de clima tropical,43.876,33.658,24.138,26.223,3.1 Frutas de clima tropical,,3.1 Frutas de clima tropical
3. Frutas,3.1 Frutas de clima tropical,3.1.1 Abacate,0.533,0.37,0.423,0.304,3.1.1 Abacate,,3.1.1 Abacate
3. Frutas,3.1 Frutas de clima tropical,3.1.2 Abacaxi,2.922,1.078,1.051,1.366,3.1.2 Abacaxi,,3.1.2 Abacaxi
3. Frutas,3.1 Frutas de clima tropical,3.1.3 Acerola,...,...,0.089,0.117,,,0
3. Frutas,3.1 Frutas de clima tropical,3.1.4 Banana-d'água,4.533,3.325,1.821,2.322,3.1.4 Banana-d'água,,3.1.4 Banana-d'água
3. Frutas,3.1 Frutas de clima tropical,3.1.5 Banana-da-terra,...,...,0.172,0.322,,,0
3. Frutas,3.1 Frutas de clima tropical,3.1.6 Banana-maçã,0.455,0.28,0.211,0.145,3.1.6 Banana-maçã,,3.1.6 Banana-maçã
3. Frutas,3.1 Frutas de clima tropical,3.1.7 Banana-ouro,...,...,0.011,0.004,,,0
3. Frutas,3.1 Frutas de clima tropical,3.1.8 Banana-prata,5.336,3.715,3.565,3.172,3.1.8 Banana-prata,,3.1.8 Banana-prata
3. Frutas,3.1 Frutas de clima tropical,3.1.9 Outras bananas,...,...,1.708,1.861,3.1.9 Outras bananas,3.1.9 Outras bananas3.1.7 Banana-ouro3.1.5 Banana-da-terra,3.1.9 Outras bananas3.1.7 Banana-ouro3.1.5 Banana-da-terra
3. Frutas,3.1 Frutas de clima tropical,3.1.10 Goiaba,...,...,0.377,0.423,,,0
3. Frutas,3.1 Frutas de clima tropical,3.1.11 Laranja-baía,1.482,0.151,0.07,0.179,3.1.11 Laranja-baía,,3.1.11 Laranja-baía
3. Frutas,3.1 Frutas de clima tropical,3.1.12 Laranja-lima,1.164,0.692,0.522,0.579,3.1.12 Laranja-lima,,3.1.12 Laranja-lima
3. Frutas,3.1 Frutas de clima tropical,3.1.13 Laranja-pêra,12.366,11.272,2.893,3.53,3.1.13 Laranja-pêra,,3.1.13 Laranja-pêra
3. Frutas,3.1 Frutas de clima tropical,3.1.14 Laranja-seleta,1.931,0.319,0.118,0.139,3.1.14 Laranja-seleta,,3.1.14 Laranja-seleta
3. Frutas,3.1 Frutas de clima tropical,3.1.15 Outras laranjas,...,...,2.027,1.975,,,0
3. Frutas,3.1 Frutas de clima tropical,3.1.16 Limão comum,0.802,0.825,0.765,0.851,3.1.16 Limão comum,,3.1.16 Limão comum
3. Frutas,3.1 Frutas de clima tropical,3.1.17 Mamão,5.351,3.094,2.513,2.783,3.1.17 Mamão,,3.1.17 Mamão
3. Frutas,3.1 Frutas de clima tropical,3.1.18 Manga,0.887,1.258,1.075,1.098,3.1.18 Manga,,3.1.18 Manga
3. Frutas,3.1 Frutas de clima tropical,3.1.19 Maracujá,0.284,0.96,0.429,0.321,3.1.19 Maracujá,,3.1.19 Maracujá
3. Frutas,3.1 Frutas de clima tropical,3.1.20 Melancia,2.032,2.487,2.104,2.447,3.1.20 Melancia,,3.1.20 Melancia
3. Frutas,3.1 Frutas de clima tropical,3.1.21 Melão,0.935,0.804,0.529,0.59,3.1.21 Melão,,3.1.21 Melão
3. Frutas,3.1 Frutas de clima tropical,3.1.22 Tangerina,1.556,1.184,1.29,1.364,3.1.22 Tangerina,,3.1.22 Tangerina
3. Frutas,3.1 Frutas de clima tropical,3.1.23 Outras,1.306,1.844,0.375,0.332,3.1.23 Outras,3.1.23 Outras3.1.15 Outras laranjas3.1.10 Goiaba3.1.3 Acerola,3.1.23 Outras3.1.15 Outras laranjas3.1.10 Goiaba3.1.3 Acerola
3. Frutas,3.2 Frutas de clima temperado,3.2 Frutas de clima temperado,4.108,6.738,3.982,4.534,3.2 Frutas de clima temperado,,3.2 Frutas de clima temperado
3. Frutas,3.2 Frutas de clima temperado,3.2.1 Ameixa,...,...,0.087,0.174,,,0
3. Frutas,3.2 Frutas de clima temperado,3.2.2 Caqui,0.387,0.149,0.218,0.234,3.2.2 Caqui,,3.2.2 Caqui
3. Frutas,3.2 Frutas de clima temperado,3.2.3 Maçã,2.176,2.907,2.069,2.32,3.2.3 Maçã,,3.2.3 Maçã
3. Frutas,3.2 Frutas de clima temperado,3.2.4 Morango,...,...,0.129,0.183,,,0
3. Frutas,3.2 Frutas de clima temperado,3.2.5 Pêra,0.411,1.084,0.347,0.51,3.2.5 Pêra,,3.2.5 Pêra
3. Frutas,3.2 Frutas de clima temperado,3.2.6 Pêssego,...,...,0.254,0.209,,,0
3. Frutas,3.2 Frutas de clima temperado,3.2.7 Uva,0.438,1.406,0.803,0.799,3.2.7 Uva,,3.2.7 Uva
3. Frutas,3.2 Frutas de clima temperado,3.2.8 Outras,0.696,1.191,0.075,0.105,3.2.8 Outras,3.2.8 Outras3.2.6 Pêssego3.2.4 Morango3.2.1 Ameixa,3.2.8 Outras3.2.6 Pêssego3.2.4 Morango3.2.1 Ameixa
"4. Cocos, castanhas e nozes",NADA,"4. Cocos, castanhas e nozes",0.769,0.641,0.808,0.57,"4. Cocos, castanhas e nozes",,"4. Cocos, castanhas e nozes"
"4. Cocos, castanhas e nozes",4.1 Cocos,4.1 Cocos,0.655,0.577,0.736,0.524,4.1 Cocos,,4.1 Cocos
"4. Cocos, castanhas e nozes",4.1 Cocos,4.1.1 Coco-açaí em pasta,0.265,0.228,...,...,,4.1.1 Coco-açaí em pasta4.1.1 Açaí (emulsão),4.1.1 Coco-açaí em pasta4.1.1 Açaí (emulsão)
"4. Cocos, castanhas e nozes",4.1 Cocos,4.1.1 Açaí (emulsão),...,...,0.468,0.349,4.1.1 Açaí (emulsão),,4.1.1 Açaí (emulsão)
"4. Cocos, castanhas e nozes",4.1 Cocos,4.1.2 Coco-da-baía,0.38,0.343,0.19,0.075,4.1.2 Coco-da-baía,,4.1.2 Coco-da-baía
"4. Cocos, castanhas e nozes",4.1 Cocos,4.1.3 Outros,0.01,0.007,0.078,0.1,4.1.3 Outros,,4.1.3 Outros
"4. Cocos, castanhas e nozes",4.2 Castanhas e nozes,4.2 Castanhas e nozes,0.115,0.065,0.072,0.047,4.2 Castanhas e nozes,4.2 Castanhas e nozes4.2.1 Castanhas e nozes,4.2 Castanhas e nozes4.2.1 Castanhas e nozes
"4. Cocos, castanhas e nozes",4.2 Castanhas e nozes,4.2.1 Castanhas e nozes,0.115,0.065,...,...,,,0
"5. Farinhas, féculas e massas",NADA,"5. Farinhas, féculas e massas",17.745,14.69,12.588,11.329,"5. Farinhas, féculas e massas",,"5. Farinhas, féculas e massas"
"5. Farinhas, féculas e massas",5.1 Farinhas,5.1 Farinhas,9.15,7.218,5.673,4.52,5.1 Farinhas,,5.1 Farinhas
"5. Farinhas, féculas e massas",5.1 Farinhas,5.1.1 Farinha de mandioca,4.623,3.765,3.045,2.284,5.1.1 Farinha de mandioca,,5.1.1 Farinha de mandioca
"5. Farinhas, féculas e massas",5.1 Farinhas,5.1.2 Farinha de rosca,0.104,0.122,0.097,0.061,5.1.2 Farinha de rosca,,5.1.2 Farinha de rosca
"5. Farinhas, féculas e massas",5.1 Farinhas,5.1.3 Farinha de trigo,4.066,3.102,2.365,1.92,5.1.3 Farinha de trigo,,5.1.3 Farinha de trigo
"5. Farinhas, féculas e massas",5.1 Farinhas,5.1.4 Farinha vitaminada,0.307,0.157,0.129,0.106,5.1.4 Farinha vitaminada,,5.1.4 Farinha vitaminada
"5. Farinhas, féculas e massas",5.1 Farinhas,5.1.5 Outras,0.05,0.071,0.037,0.149,5.1.5 Outras,,5.1.5 Outras
"5. Farinhas, féculas e massas",5.2 Féculas,5.2 Féculas,3.769,2.968,2.158,2.247,5.2 Féculas,,5.2 Féculas
"5. Farinhas, féculas e massas",5.2 Féculas,5.2.1 Amido de milho,0.39,0.171,0.089,0.072,5.2.1 Amido de milho,,5.2.1 Amido de milho
"5. Farinhas, féculas e massas",5.2 Féculas,5.2.2 Creme de arroz,...,...,0.123,0.099,,,0
"5. Farinhas, féculas e massas",5.2 Féculas,5.2.3 Creme de milho,0.083,0.098,0.072,0.139,5.2.3 Creme de milho,,5.2.3 Creme de milho
"5. Farinhas, féculas e massas",5.2 Féculas,5.2.4 Fécula de mandioca,0.442,0.288,0.314,0.304,5.2.4 Fécula de mandioca,,5.2.4 Fécula de mandioca
"5. Farinhas, féculas e massas",5.2 Féculas,5.2.5 Flocos de cereal,0.179,0.111,...,...,,,0
"5. Farinhas, féculas e massas",5.2 Féculas,5.2.5 Flocos de aveia,...,...,0.053,0.09,,,0
"5. Farinhas, féculas e massas",5.2 Féculas,5.2.6 Flocos de milho,0.347,0.366,0.207,0.369,5.2.6 Flocos de milho,,5.2.6 Flocos de milho
"5. Farinhas, féculas e massas",5.2 Féculas,5.2.7 Flocos de outros cereais,...,...,0.088,0.103,,,0
"5. Farinhas, féculas e massas",5.2 Féculas,5.2.8 Fubá de milho,2.036,1.74,1.211,1.066,5.2.8 Fubá de milho,,5.2.8 Fubá de milho
"5. Farinhas, féculas e massas",5.2 Féculas,5.2.9 Outras,0.291,0.192,-,0.005,5.2.9 Outras,5.2.5 Flocos de cereal5.2.5 Flocos de aveia5.2.7 Flocos de outros cereais5.2.9 Outras,5.2.5 Flocos de cereal5.2.5 Flocos de aveia5.2.7 Flocos de outros cereais5.2.9 Outras
"5. Farinhas, féculas e massas",5.3 Massas,5.3 Massas,4.826,4.503,4.757,4.561,5.3 Massas,,5.3 Massas
"5. Farinhas, féculas e massas",5.3 Massas,5.3.1 Macarrão com ovos,2.888,2.454,1.58,1.345,5.3.1 Macarrão,5.3.1 Macarrão com ovos5.3.2 Macarrão não especificado5.3.3 Macarrão sem ovos,5.3.1 Macarrão com ovos5.3.2 Macarrão não especificado5.3.3 Macarrão sem ovos
"5. Farinhas, féculas e massas",5.3 Massas,5.3.2 Macarrão não especificado,...,...,1.617,2.262,,,0
"5. Farinhas, féculas e massas",5.3 Massas,5.3.3 Macarrão sem ovos,1.265,1.205,0.798,0.329,,,0
"5. Farinhas, féculas e massas",5.3 Massas,5.3.4 Massa de lasanha,...,...,0.176,0.167,,,0
"5. Farinhas, féculas e massas",5.3 Massas,5.3.5 Massa de pastel,0.239,0.101,0.106,0.177,5.3.5 Massa de pastel,,5.3.5 Massa de pastel
"5. Farinhas, féculas e massas",5.3 Massas,5.3.6 Massa de pizza,...,...,0.258,0.16,,,0
"5. Farinhas, féculas e massas",5.3 Massas,5.3.7 Outras,0.434,0.743,0.222,0.122,5.3.7 Outras,5.3.6 Massa de pizza5.3.7 Outras5.3.4 Massa de lasanha,5.3.6 Massa de pizza5.3.7 Outras5.3.4 Massa de lasanha
6. Panificados,NADA,6. Panificados,27.035,25.367,25.141,25.716,6. Panificados,,6. Panificados
6. Panificados,6.1 Pães,6.1 Pães,23.326,21.004,19.936,20.298,6.1 Pães,,6.1 Pães
6. Panificados,6.1 Pães,6.1.1 Pão caseiro,...,...,0.047,0.109,,,0
6. Panificados,6.1 Pães,6.1.2 Pão de forma de padaria,...,...,0.044,0.083,,,0
6. Panificados,6.1 Pães,6.1.3 Pão de forma industrializado,1.588,1.061,1.336,1.418,6.1.3 Pão de forma industrializado,,6.1.3 Pão de forma industrializado
6. Panificados,6.1 Pães,6.1.4 Pão de milho,...,...,0.111,0.135,,,0
6. Panificados,6.1 Pães,6.1.5 Pão de queijo,...,...,0.236,0.236,,,0
6. Panificados,6.1 Pães,6.1.6 Pão doce,1.11,0.844,0.747,1.095,6.1.6 Pão doce,,6.1.6 Pão doce
6. Panificados,6.1 Pães,6.1.7 Pão francês,19.936,18.399,16.909,16.243,6.1.7 Pão francês,,6.1.7 Pão francês
6. Panificados,6.1 Pães,6.1.8 Pão integral,...,...,0.115,0.292,,,0
6. Panificados,6.1 Pães,6.1.9 Torrada,...,...,0.167,0.086,,,0
6. Panificados,6.1 Pães,6.1.10 Outros,0.692,0.7,0.225,0.601,6.1.10  Pães Outros,6.1.1 Pão caseiro6.1.2 Pão de forma de padaria6.1.4 Pão de milho6.1.5 Pão de queijo6.1.8 Pão integral6.1.9 Torrada6.1.10 Outros,6.1.1 Pão caseiro6.1.2 Pão de forma de padaria6.1.4 Pão de milho6.1.5 Pão de queijo6.1.8 Pão integral6.1.9 Torrada6.1.10 Outros
6. Panificados,6.2 Bolos,6.2 Bolos,0.55,0.431,0.694,0.944,6.2 Bolos,,6.2 Bolos
6. Panificados,6.2 Bolos,6.2.1 Bolo de trigo,0.486,0.387,...,...,,6.2.1 Bolo de trigo6.2.2 Outros bolos,6.2.1 Bolo de trigo6.2.2 Outros bolos
6. Panificados,6.2 Bolos,6.2.2 Outros bolos,0.064,0.045,...,...,,,0
6. Panificados,"6.3 Biscoitos, roscas, etc.","6.3 Biscoitos, roscas, etc.",3.159,3.932,4.511,4.474,"6.3 Biscoitos, roscas, etc.",,"6.3 Biscoitos, roscas, etc."
6. Panificados,"6.3 Biscoitos, roscas, etc.",6.3.1 Biscoito doce,1.615,2.17,2.565,2.394,6.3.1 Biscoito doce,,6.3.1 Biscoito doce
6. Panificados,"6.3 Biscoitos, roscas, etc.",6.3.2 Biscoito não especificado,...,...,0.192,0.164,,,0
6. Panificados,"6.3 Biscoitos, roscas, etc.",6.3.3 Biscoito salgado,1.436,1.696,1.646,1.764,6.3.3 Biscoito salgado,,6.3.3 Biscoito salgado
6. Panificados,"6.3 Biscoitos, roscas, etc.",6.3.4 Rosca doce,...,...,0.047,0.059,,,0
6. Panificados,"6.3 Biscoitos, roscas, etc.",6.3.5 Rosca não especificada,...,...,0.027,0.061,,,0
6. Panificados,"6.3 Biscoitos, roscas, etc.",6.3.6 Rosca salgada,...,...,0.021,0.007,,,0
6. Panificados,"6.3 Biscoitos, roscas, etc.",6.3.7 Outros,0.108,0.066,0.013,0.025,6.3.7 Bsicoitos Outros,6.3.2 Biscoito não especificado6.3.4 Rosca doce6.3.5 Rosca não especificada6.3.6 Rosca salgada6.3.7 Outros,6.3.2 Biscoito não especificado6.3.4 Rosca doce6.3.5 Rosca não especificada6.3.6 Rosca salgada6.3.7 Outros
7. Carnes,NADA,7. Carnes,25.546,28.093,22.384,22.337,7. Carnes,,7. Carnes
7. Carnes,7.1 Carnes bovinas de primeira,7.1 Carnes bovinas de primeira,9.78,11.117,6.21,6.244,7.1 Carnes bovinas de primeira,,7.1 Carnes bovinas de primeira
7. Carnes,7.1 Carnes bovinas de primeira,7.1.1 Alcatra,2.471,2.678,1.432,0.986,7.1.1 Alcatra,,7.1.1 Alcatra
7. Carnes,7.1 Carnes bovinas de primeira,7.1.2 Carne moída,0.717,0.581,0.591,0.455,7.1.2 Carne moída,,7.1.2 Carne moída
7. Carnes,7.1 Carnes bovinas de primeira,7.1.3 Carne não especificada,0.974,1.628,1.229,1.94,7.1.3 Carne não especificada,,7.1.3 Carne não especificada
7. Carnes,7.1 Carnes bovinas de primeira,7.1.4 Chã-de-dentro,2.222,2.176,0.734,0.805,7.1.4 Chã-de-dentro,,7.1.4 Chã-de-dentro
7. Carnes,7.1 Carnes bovinas de primeira,7.1.5 Contrafilé,1.081,1.325,0.957,0.924,7.1.5 Contrafilé,,7.1.5 Contrafilé
7. Carnes,7.1 Carnes bovinas de primeira,7.1.6 Filé e filé mignon,0.28,0.591,...,...,,,0
7. Carnes,7.1 Carnes bovinas de primeira,7.1.6 Filé mignon,...,...,0.163,0.179,7.1.6 Filé mignon,7.1.6 Filé e filé mignon7.1.6 Filé mignon,7.1.6 Filé e filé mignon7.1.6 Filé mignon
7. Carnes,7.1 Carnes bovinas de primeira,7.1.7 Lagarto comum,0.442,0.606,0.344,0.312,7.1.7 Lagarto comum,,7.1.7 Lagarto comum
7. Carnes,7.1 Carnes bovinas de primeira,7.1.8 Lagarto redondo,0.383,0.164,0.11,0.055,7.1.8 Lagarto redondo,,7.1.8 Lagarto redondo
7. Carnes,7.1 Carnes bovinas de primeira,7.1.9 Patinho,1.209,1.369,0.651,0.589,7.1.9 Patinho,,7.1.9 Patinho
7. Carnes,7.2 Carnes bovinas de segunda,7.2 Carnes bovinas de segunda,8.514,9.078,5.954,5.794,7.2 Carnes bovinas de segunda,,7.2 Carnes bovinas de segunda
7. Carnes,7.2 Carnes bovinas de segunda,7.2.1 Acém,2.013,2.778,1.099,1.075,7.2.1 Acém,,7.2.1 Acém
7. Carnes,7.2 Carnes bovinas de segunda,7.2.2 Capa de filé,...,...,0.18,0.106,7.2.4 Carne bovina de segunda e outras,7.2.2 Capa de filé7.2.4 Carne não especificada7.3.1 Carne de hambúrger7.3.2 Carne de sol7.3.3 Carne moída não especificada7.3.4 Carne não especificada7.3.6 Mocotó7.3.7 Outras,7.2.2 Capa de filé7.2.4 Carne não especificada7.3.1 Carne de hambúrger7.3.2 Carne de sol7.3.3 Carne moída não especificada7.3.4 Carne não especificada7.3.6 Mocotó7.3.7 Outras
7. Carnes,7.2 Carnes bovinas de segunda,7.2.3 Carne moída,0.924,1.196,0.787,0.946,7.2.3 Carne moída,,7.2.3 Carne moída
7. Carnes,7.2 Carnes bovinas de segunda,7.2.4 Carne não especificada,1.993,2.003,1.455,1.128,,,0
7. Carnes,7.2 Carnes bovinas de segunda,7.2.5 Costela,1.502,1.625,1.151,1.235,7.2.5 Costela,,7.2.5 Costela
7. Carnes,7.2 Carnes bovinas de segunda,7.2.6 Músculo,0.425,0.513,0.509,0.354,7.2.6 Músculo,,7.2.6 Músculo
7. Carnes,7.2 Carnes bovinas de segunda,7.2.7 Pá,0.962,0.479,0.439,0.395,7.2.7 Pá,,7.2.7 Pá
7. Carnes,7.2 Carnes bovinas de segunda,7.2.8 Peito,0.369,0.258,0.241,0.214,7.2.8 Peito,,7.2.8 Peito
7. Carnes,7.2 Carnes bovinas de segunda,7.2.9 Outras,0.325,0.226,0.092,0.34,7.2.9 Outras,,7.2.9 Outras
7. Carnes,7.3 Carnes bovinas outras,7.3 Carnes bovinas outras,1.498,1.569,3.051,3.124,,,0
7. Carnes,7.3 Carnes bovinas outras,7.3.1 Carne de hambúrger,...,...,0.294,0.365,,,0
7. Carnes,7.3 Carnes bovinas outras,7.3.2 Carne de sol,...,...,0.048,0.114,,,0
7. Carnes,7.3 Carnes bovinas outras,7.3.3 Carne moída não especificada,...,...,0.484,0.373,,,0
7. Carnes,7.3 Carnes bovinas outras,7.3.4 Carne não especificada,...,...,0.731,0.962,,,0
7. Carnes,7.3 Carnes bovinas outras,7.3.5 Carne-seca,0.838,0.965,0.665,0.493,7.3.5 Carne-seca,,7.3.5 Carne-seca
7. Carnes,7.3 Carnes bovinas outras,7.3.6 Mocotó,...,...,0.116,0.077,,,0
7. Carnes,7.3 Carnes bovinas outras,7.3.7 Outras,0.66,0.605,0.713,0.74,,,0
7. Carnes,7.4 Carnes suínas com osso e sem osso,7.4 Carnes suínas com osso e sem osso,2.551,1.49,1.475,1.218,7.4 Carnes suínas com osso e sem osso,,7.4 Carnes suínas com osso e sem osso
7. Carnes,7.4 Carnes suínas com osso e sem osso,7.4.1 Carré,0.426,0.384,0.484,0.406,7.4.1 Carré,,7.4.1 Carré
7. Carnes,7.4 Carnes suínas com osso e sem osso,7.4.2 Costela,0.424,0.188,0.223,0.276,7.4.2 Costela,,7.4.2 Costela
7. Carnes,7.4 Carnes suínas com osso e sem osso,7.4.3 Lombo,0.371,0.288,0.285,0.071,7.4.3 Lombo,,7.4.3 Lombo
7. Carnes,7.4 Carnes suínas com osso e sem osso,7.4.4 Pernil,0.682,0.306,0.22,0.161,7.4.4 Pernil,,7.4.4 Pernil
7. Carnes,7.4 Carnes suínas com osso e sem osso,7.4.5 Toucinho,0.361,0.196,...,...,,,0
7. Carnes,7.4 Carnes suínas com osso e sem osso,7.4.5 Porco eviscerado,...,...,-,0.002,,,0
7. Carnes,7.4 Carnes suínas com osso e sem osso,7.4.6 Outras,0.287,0.128,0.263,0.303,7.4.6 Outras,7.4.5 Porco eviscerado7.4.6 Outras,7.4.5 Porco eviscerado7.4.6 Outras
7. Carnes,7.5 Carnes suínas outras,7.5 Carnes suínas outras,2.203,2.998,3.106,3.509,7.5 Carnes suínas outras,,7.5 Carnes suínas outras
7. Carnes,7.5 Carnes suínas outras,7.5.1 Cane salgada não especificada,...,...,0.082,0.098,,,0
7. Carnes,7.5 Carnes suínas outras,7.5.2 Costela de porco salgada,...,...,0.029,0.055,,,0
7. Carnes,7.5 Carnes suínas outras,7.5.3 Mortadela,0.315,0.524,0.669,0.743,7.5.3 Mortadela,,7.5.3 Mortadela
7. Carnes,7.5 Carnes suínas outras,7.5.4 Paio,...,...,0.041,0.019,,,0
7. Carnes,7.5 Carnes suínas outras,7.5.5 Pé de porco salgado,...,...,0.029,0.028,,,0
7. Carnes,7.5 Carnes suínas outras,7.5.6 Presunto,0.38,0.551,0.609,0.59,7.5.6 Presunto,,7.5.6 Presunto
7. Carnes,7.5 Carnes suínas outras,7.5.7 Salame,...,...,0.075,0.089,,,0
7. Carnes,7.5 Carnes suínas outras,7.5.8 Salsicha,0.452,1.352,...,...,7.5.8 Salsicha,7.5.8 Salsicha7.5.8 Salsicha comum,7.5.8 Salsicha7.5.8 Salsicha comum
7. Carnes,7.5 Carnes suínas outras,7.5.8 Salsicha comum,...,...,1.237,1.482,,,0
7. Carnes,7.5 Carnes suínas outras,7.5.9 Toucinho fresco,...,...,0.084,0.123,7.5.9 Toucinho fresco,7.5.9 Toucinho fresco7.5.10 Toucinho defumado7.4.5 Toucinho,7.5.9 Toucinho fresco7.5.10 Toucinho defumado7.4.5 Toucinho
7. Carnes,7.5 Carnes suínas outras,7.5.10 Toucinho defumado,...,...,0.177,0.155,7.5.10 Toucinho defumado,,7.5.10 Toucinho defumado
7. Carnes,7.5 Carnes suínas outras,7.5.11 Outras,1.055,0.571,0.074,0.128,7.5.11 Outras,7.5.11 Outras7.5.1 Cane salgada não especificada7.5.2 Costela de porco salgada7.5.4 Paio7.5.5 Pé de porco salgado7.5.7 Salame,7.5.11 Outras7.5.1 Cane salgada não especificada7.5.2 Costela de porco salgada7.5.4 Paio7.5.5 Pé de porco salgado7.5.7 Salame
7. Carnes,7.6 Carnes de outros animais,7.6 Carnes de outros animais,1,1.84,2.587,2.448,7.6 Carnes de outros animais,,7.6 Carnes de outros animais
7. Carnes,7.6 Carnes de outros animais,7.6.1 Carne de cabrito,...,...,0.078,0.011,,,0
7. Carnes,7.6 Carnes de outros animais,7.6.2 Carne de carneiro,...,...,0.02,0.05,,,0
7. Carnes,7.6 Carnes de outros animais,7.6.3 Linguiça,0.932,1.751,2.184,2.242,7.6.3 Linguiça,,7.6.3 Linguiça
7. Carnes,7.6 Carnes de outros animais,7.6.4 Outras,0.068,0.089,0.305,0.145,7.6.4 Outras,7.6.4 Outras7.6.1 Carne de cabrito7.6.2 Carne de carneiro,7.6.4 Outras7.6.1 Carne de cabrito7.6.2 Carne de carneiro
8. Vísceras,NADA,8. Vísceras,1.643,1.153,1.015,0.677,8. Vísceras,,8. Vísceras
8. Vísceras,8.1 Vísceras bovinas,8.1 Vísceras bovinas,1.482,1.089,0.888,0.592,8.1 Vísceras bovinas,,8.1 Vísceras bovinas
8. Vísceras,8.1 Vísceras bovinas,8.1.1 Bucho,...,...,0.125,0.058,,,0
8. Vísceras,8.1 Vísceras bovinas,8.1.2 Fígado,0.73,0.691,0.568,0.423,8.1.2 Fígado,,8.1.2 Fígado
8. Vísceras,8.1 Vísceras bovinas,8.1.3 Língua,...,...,0.059,0.018,,,0
8. Vísceras,8.1 Vísceras bovinas,8.1.4 Outras,0.752,0.398,0.136,0.093,8.1.4 Outras,8.1.4 Outras8.1.1 Bucho8.1.3 Língua,8.1.4 Outras8.1.1 Bucho8.1.3 Língua
8. Vísceras,8.1 Vísceras bovinas,8.2 Vísceras suínas,0.148,0.057,0.116,0.078,,,0
8. Vísceras,8.1 Vísceras bovinas,8.2.1 Vísceras suínas,0.148,0.057,...,...,8.2.1 Vísceras suínas,8.2.1 Vísceras suínas8.2 Vísceras suínas,8.2.1 Vísceras suínas8.2 Vísceras suínas
8. Vísceras,8.1 Vísceras bovinas,8.3 Outras vísceras,0.013,0.007,0.011,0.007,,,0
8. Vísceras,8.1 Vísceras bovinas,8.3.1 Outras vísceras,0.013,0.007,...,...,8.3.1 Outras vísceras,8.3.1 Outras vísceras8.3 Outras vísceras,8.3.1 Outras vísceras8.3 Outras vísceras
9. Pescados,NADA,9. Pescados,3.561,3.021,2.858,2.734,9. Pescados,,9. Pescados
9. Pescados,9.1 Pescados de água salgada,9.1 Pescados de água salgada,3.183,2.723,2.146,1.975,9.1 Pescados de água salgada,,9.1 Pescados de água salgada
9. Pescados,9.1 Pescados de água salgada,9.1.1 Anchova fresca,...,...,0.034,0.012,,,0
9. Pescados,9.1 Pescados de água salgada,9.1.2 Bacalhau,0.113,0.178,0.088,0.097,9.1.2 Bacalhau,,9.1.2 Bacalhau
9. Pescados,9.1 Pescados de água salgada,9.1.3 Bagre fresco,...,...,0.019,0.014,,,0
9. Pescados,9.1 Pescados de água salgada,9.1.4 Cação fresco,...,...,0.033,0.04,,,0
9. Pescados,9.1 Pescados de água salgada,9.1.5 Camarão fresco,0.15,0.093,0.131,0.19,9.1.5 Camarão fresco,,9.1.5 Camarão fresco
9. Pescados,9.1 Pescados de água salgada,9.1.6 Corvina fresca,0.368,0.332,0.335,0.203,9.1.6 Corvina fresca,,9.1.6 Corvina fresca
9. Pescados,9.1 Pescados de água salgada,9.1.7 Meluza em filé congelado,...,...,0.028,0.091,,,0
9. Pescados,9.1 Pescados de água salgada,9.1.8 Merluza em filé fresco,...,...,0.064,0.022,,,0
9. Pescados,9.1 Pescados de água salgada,9.1.9 Parati fresco,...,...,0.029,0.002,,,0
9. Pescados,9.1 Pescados de água salgada,9.1.10 Pescada em filé congelado,...,...,0.043,0.041,,,0
9. Pescados,9.1 Pescados de água salgada,9.1.11 Pescada em filé fresco,0.123,0.109,0.052,0.031,9.1.11 Pescada em filé fresco,,9.1.11 Pescada em filé fresco
9. Pescados,9.1 Pescados de água salgada,9.1.12 Pescada fresca,0.239,0.252,0.18,0.176,9.1.12 Pescada fresca,,9.1.12 Pescada fresca
9. Pescados,9.1 Pescados de água salgada,9.1.13 Pescadinha fresca,0.076,0.052,0.056,0.014,9.1.13 Pescadinha fresca,,9.1.13 Pescadinha fresca
9. Pescados,9.1 Pescados de água salgada,9.1.14 Sardinha em conserva,0.231,0.124,0.136,0.119,9.1.14 Sardinha em conserva,,9.1.14 Sardinha em conserva
9. Pescados,9.1 Pescados de água salgada,9.1.15 Sardinha fresca,0.545,0.328,0.123,0.101,9.1.15 Sardinha fresca,,9.1.15 Sardinha fresca
9. Pescados,9.1 Pescados de água salgada,9.1.16 Tainha fresca,...,...,0.054,0.03,,,0
9. Pescados,9.1 Pescados de água salgada,9.1.17 Outros pescados em filé congelado,...,...,0.067,0.214,,,0
9. Pescados,9.1 Pescados de água salgada,9.1.18 Outros pescados em filé fresco,...,...,0.278,0.148,,,0
9. Pescados,9.1 Pescados de água salgada,9.1.19 Outros pescados frescos,...,...,0.365,0.402,,,0
9. Pescados,9.1 Pescados de água salgada,9.1.20 Outros pescados salgados,...,...,0.031,0.029,,,0
9. Pescados,9.1 Pescados de água salgada,9.1.21 Outros,1.339,1.256,...,...,9.1.21 Outros,9.1.21 Outros9.1.1 Anchova fresca9.1.3 Bagre fresco9.1.4 Cação fresco9.1.7 Meluza em filé congelado9.1.8 Merluza em filé fresco9.1.9 Parati fresco9.1.10 Pescada em filé congelado9.1.16 Tainha fresca9.1.17 Outros pescados em filé congelado9.1.18 Outros pescados em filé fresco9.1.19 Outros pescados frescos9.1.20 Outros pescados salgados,9.1.21 Outros9.1.1 Anchova fresca9.1.3 Bagre fresco9.1.4 Cação fresco9.1.7 Meluza em filé congelado9.1.8 Merluza em filé fresco9.1.9 Parati fresco9.1.10 Pescada em filé congelado9.1.16 Tainha fresca9.1.17 Outros pescados em filé congelado9.1.18 Outros pescados em filé fresco9.1.19 Outros pescados frescos9.1.20 Outros pescados salgados
9. Pescados,9.2 Pescados de água doce e congelados,9.2 Pescados de água doce,0.378,0.298,0.362,0.378,9.2 Pescados de água doce,9.2.1 Pescados de água doce9.2.1 Acará fresca9.2.2 Acari fresco9.2.3 Anujá fresco9.2.4 Curimatã fresco9.2.5 Dourada fresca9.2.6 Jaraqui fresco9.2.7 Lambari fresco9.2.8 Mapará fresco9.2.9 Piau fresco9.2.10 Surubim fresco9.2.11 Tambaqui fresco9.2.12 Tilápia fresca9.2.13 Traíra fresca9.2.14 Tucunaré fresco9.2.15 Outros pescados em filé congelado9.2.16 Outros pescados em filé fresco9.2.17 Outros pescados frescos9.2.18 Outros pescados salgados9.3 Pescados não especificados9.3.1 Peixe em filé congelado9.3.2 Peixe em filé fresco9.3.3 Peixe fresco9.3.4 Peixe salgado,9.2.1 Pescados de água doce9.2.1 Acará fresca9.2.2 Acari fresco9.2.3 Anujá fresco9.2.4 Curimatã fresco9.2.5 Dourada fresca9.2.6 Jaraqui fresco9.2.7 Lambari fresco9.2.8 Mapará fresco9.2.9 Piau fresco9.2.10 Surubim fresco9.2.11 Tambaqui fresco9.2.12 Tilápia fresca9.2.13 Traíra fresca9.2.14 Tucunaré fresco9.2.15 Outros pescados em filé congelado9.2.16 Outros pescados em filé fresco9.2.17 Outros pescados frescos9.2.18 Outros pescados salgados9.3 Pescados não especificados9.3.1 Peixe em filé congelado9.3.2 Peixe em filé fresco9.3.3 Peixe fresco9.3.4 Peixe salgado
9. Pescados,9.2 Pescados de água doce e congelados,9.2.1 Pescados de água doce,0.378,0.298,...,...,,,0
9. Pescados,9.2 Pescados de água doce e congelados,9.2.1 Acará fresca,...,...,0.06,0.12,,,0
9. Pescados,9.2 Pescados de água doce e congelados,9.2.2 Acari fresco,...,...,0.002,0.015,,,0
9. Pescados,9.2 Pescados de água doce e congelados,9.2.3 Anujá fresco,...,...,0.033,0.006,,,0
9. Pescados,9.2 Pescados de água doce e congelados,9.2.4 Curimatã fresco,...,...,0.008,0.01,,,0
9. Pescados,9.2 Pescados de água doce e congelados,9.2.5 Dourada fresca,...,...,0.092,0.06,,,0
9. Pescados,9.2 Pescados de água doce e congelados,9.2.6 Jaraqui fresco,...,...,-,-,,,0
9. Pescados,9.2 Pescados de água doce e congelados,9.2.7 Lambari fresco,...,...,0,-,,,0
9. Pescados,9.2 Pescados de água doce e congelados,9.2.8 Mapará fresco,...,...,0.006,0.001,,,0
9. Pescados,9.2 Pescados de água doce e congelados,9.2.9 Piau fresco,...,...,0.003,-,,,0
9. Pescados,9.2 Pescados de água doce e congelados,9.2.10 Surubim fresco,...,...,0.007,0.005,,,0
9. Pescados,9.2 Pescados de água doce e congelados,9.2.11 Tambaqui fresco,...,...,-,0.004,,,0
9. Pescados,9.2 Pescados de água doce e congelados,9.2.12 Tilápia fresca,...,...,0.022,0.038,,,0
9. Pescados,9.2 Pescados de água doce e congelados,9.2.13 Traíra fresca,...,...,0.012,0.001,,,0
9. Pescados,9.2 Pescados de água doce e congelados,9.2.14 Tucunaré fresco,...,...,0.003,0.007,,,0
9. Pescados,9.2 Pescados de água doce e congelados,9.2.15 Outros pescados em filé congelado,...,...,0.018,0.03,,,0
9. Pescados,9.2 Pescados de água doce e congelados,9.2.16 Outros pescados em filé fresco,...,...,0.02,0.014,,,0
9. Pescados,9.2 Pescados de água doce e congelados,9.2.17 Outros pescados frescos,...,...,0.076,0.068,,,0
9. Pescados,9.2 Pescados de água doce e congelados,9.2.18 Outros pescados salgados,...,...,0.001,0.001,,,0
9. Pescados,9.2 Pescados de água doce e congelados,9.3 Pescados não especificados,...,...,0.349,0.381,,,0
9. Pescados,9.2 Pescados de água doce e congelados,9.3.1 Peixe em filé congelado,...,...,0.005,0.035,,,0
9. Pescados,9.2 Pescados de água doce e congelados,9.3.2 Peixe em filé fresco,...,...,0.003,0.01,,,0
9. Pescados,9.2 Pescados de água doce e congelados,9.3.3 Peixe fresco,...,...,0.329,0.333,,,0
9. Pescados,9.2 Pescados de água doce e congelados,9.3.4 Peixe salgado,...,...,0.013,0.003,,,0
10. Aves e ovos,NADA,10. Aves e ovos,22.17,21.816,15.028,15.654,10. Aves e ovos,,10. Aves e ovos
10. Aves e ovos,10.1 Aves,10.1 Aves,15.16,17.499,14.273,12.587,10.1 Aves,,10.1 Aves
10. Aves e ovos,10.1 Aves,10.1.1 Asa de galinha,0.279,0.315,...,...,,,0
10. Aves e ovos,10.1 Aves,10.1.1 Asa de frango,...,...,0.532,0.603,10.1.1 Asa de frango,10.1.1 Asa de frango10.1.1 Asa de galinha,10.1.1 Asa de frango10.1.1 Asa de galinha
10. Aves e ovos,10.1 Aves,10.1.2 Carne não especificada de galinha,0.499,0.192,...,...,,,0
10. Aves e ovos,10.1 Aves,10.1.2 Carne de frango não especificada,...,...,0.307,0.718,10.1.2 Carne de frango não especificada,10.1.2 Carne de frango não especificada10.1.2 Carne não especificada de galinha,10.1.2 Carne de frango não especificada10.1.2 Carne não especificada de galinha
10. Aves e ovos,10.1 Aves,10.1.3 Coxa de galinha,0.559,0.904,...,...,,,0
10. Aves e ovos,10.1 Aves,10.1.3 Coxa de frango,...,...,1.671,1.864,10.1.3 Coxa de frango,10.1.3 Coxa de frango10.1.3 Coxa de galinha,10.1.3 Coxa de frango10.1.3 Coxa de galinha
10. Aves e ovos,10.1 Aves,10.1.4 Dorso de frango,...,...,0.085,0.175,,,0
10. Aves e ovos,10.1 Aves,10.1.5 Frango abatido,11.097,13.635,...,...,,,0
10. Aves e ovos,10.1 Aves,10.1.5 Frango abatido (inteiro),...,...,8.839,6.192,10.1.5 Frango abatido (inteiro),10.1.5 Frango abatido (inteiro)10.1.5 Frango abatido,10.1.5 Frango abatido (inteiro)10.1.5 Frango abatido
10. Aves e ovos,10.1 Aves,10.1.6 Frango vivo,1.283,0.244,0.222,0.085,10.1.6 Frango vivo,,10.1.6 Frango vivo
10. Aves e ovos,10.1 Aves,10.1.7 Miúdos de frango,...,...,0.189,0.225,,,0
10. Aves e ovos,10.1 Aves,10.1.8 Peito de galinha,0.582,1.551,...,...,,,0
10. Aves e ovos,10.1 Aves,10.1.8 Peito de frango,...,...,1.928,2.288,10.1.8 Peito de frango,10.1.8 Peito de frango10.1.8 Peito de galinha,10.1.8 Peito de frango10.1.8 Peito de galinha
10. Aves e ovos,10.1 Aves,10.1.9 Outras carnes de frango,...,...,0.079,0.19,,,0
10. Aves e ovos,10.1 Aves,10.1.10 Pato inteiro ou em cortes,...,...,0.004,-,,,0
10. Aves e ovos,10.1 Aves,10.1.11 Peru abatido,...,...,0.159,0.046,,,0
10. Aves e ovos,10.1 Aves,10.1.12 Peru em cortes,...,...,0.123,0.156,,,0
10. Aves e ovos,10.1 Aves,10.1.13 Outras,0.86,0.658,0.135,0.044,10.1.13 Outros Frangos Peru e outros,10.1.13 Outras10.1.4 Dorso de frango10.1.7 Miúdos de frango10.1.9 Outras carnes de frango10.1.10 Pato inteiro ou em cortes10.1.11 Peru abatido10.1.12 Peru em cortes,10.1.13 Outras10.1.4 Dorso de frango10.1.7 Miúdos de frango10.1.9 Outras carnes de frango10.1.10 Pato inteiro ou em cortes10.1.11 Peru abatido10.1.12 Peru em cortes
10. Aves e ovos,10.2 Ovos,10.2 Ovos,7.01,4.316,0.754,3.067,10.2 Ovos,,10.2 Ovos
10. Aves e ovos,10.2 Ovos,10.2.1 Ovo de galinha,6.97,4.316,0.754,3.049,10.2.1 Ovo de galinha,,10.2.1 Ovo de galinha
10. Aves e ovos,10.2 Ovos,10.2.2 Outros,0.04,-,0,0.018,10.2.2 Outros,,10.2.2 Outros
11. Laticínios,NADA,11. Laticínios,70.424,59.243,47.705,43.522,11. Laticínios,,11. Laticínios
11. Laticínios,11.1 Leite e creme de leite,11.1 Leite e creme de leite,66.36,55.193,41.218,37.054,11.1 Leite e creme de leite,,11.1 Leite e creme de leite
11. Laticínios,11.1 Leite e creme de leite,11.1.1 Creme de leite em conserva,0.296,0.283,...,...,,,0
11. Laticínios,11.1 Leite e creme de leite,11.1.1 Creme de leite,...,...,0.38,0.404,11.1.1 Creme de leite,11.1.1 Creme de leite11.1.1 Creme de leite em conserva,11.1.1 Creme de leite11.1.1 Creme de leite em conserva
11. Laticínios,11.1 Leite e creme de leite,11.1.2 Leite condensado,0.753,0.532,0.72,0.772,11.1.2 Leite condensado,,11.1.2 Leite condensado
11. Laticínios,11.1 Leite e creme de leite,11.1.3 Leite de vaca fresco,1.608,1.126,0.918,0.645,11.1.3 Leite de vaca fresco,,11.1.3 Leite de vaca fresco
11. Laticínios,11.1 Leite e creme de leite,11.1.4 Leite de vaca pasteurizado,62.343,51.36,36.883,32.833,11.1.4 Leite de vaca pasteurizado,,11.1.4 Leite de vaca pasteurizado
11. Laticínios,11.1 Leite e creme de leite,11.1.5 Leite em pó desengordurado,...,...,0.078,0.119,,,0
11. Laticínios,11.1 Leite e creme de leite,11.1.6 Leite em pó integral,0.846,1.389,0.915,0.843,11.1.6 Leite em pó,11.1.6 Leite em pó integral11.1.5 Leite em pó desengordurado11.1.7 Leite em pó não especificado,11.1.6 Leite em pó integral11.1.5 Leite em pó desengordurado11.1.7 Leite em pó não especificado
11. Laticínios,11.1 Leite e creme de leite,11.1.7 Leite em pó não especificado,...,...,0.556,0.058,,,0
11. Laticínios,11.1 Leite e creme de leite,11.1.8 Outros,0.514,0.503,0.769,1.38,11.1.8 Outros,,11.1.8 Outros
11. Laticínios,11.2 Queijos e requeijão,11.2 Queijos e requeijão,2.296,2.612,2.675,2.634,11.2 Queijos e requeijão,,11.2 Queijos e requeijão
11. Laticínios,11.2 Queijos e requeijão,11.2.1 Queijo minas,0.724,0.808,0.669,0.791,11.2.1 Queijo minas,,11.2.1 Queijo minas
11. Laticínios,11.2 Queijos e requeijão,11.2.2 Queijo mozarela,0.349,0.51,0.592,0.817,11.2.2 Queijo mozarela,,11.2.2 Queijo mozarela
11. Laticínios,11.2 Queijos e requeijão,11.2.3 Queijo não especificado,...,...,0.241,0.095,,,0
11. Laticínios,11.2 Queijos e requeijão,11.2.4 Queijo parmezão,...,...,0.098,0.088,,,0
11. Laticínios,11.2 Queijos e requeijão,11.2.5 Queijo prato,0.7,0.706,0.533,0.405,11.2.5 Queijo prato,,11.2.5 Queijo prato
11. Laticínios,11.2 Queijos e requeijão,11.2.6 Outros queijos,0.347,0.306,0.146,0.113,11.2.6 Outros queijos,11.2.6 Outros queijos11.2.3 Queijo não especificado11.2.4 Queijo parmezão,11.2.6 Outros queijos11.2.3 Queijo não especificado11.2.4 Queijo parmezão
11. Laticínios,11.2 Queijos e requeijão,11.2.7 Requeijão,0.177,0.282,0.396,0.324,11.2.7 Requeijão,,11.2.7 Requeijão
11. Laticínios,11.3 Outros laticínios,11.3 Outros laticínios,1.768,1.438,3.812,3.834,11.3 Outros laticínios,,11.3 Outros laticínios
11. Laticínios,11.3 Outros laticínios,11.3.1 Iogurte,1.147,0.732,2.76,2.418,11.3.1 Iogurte,,11.3.1 Iogurte
11. Laticínios,11.3 Outros laticínios,11.3.2 Leite fermentado,...,...,0.551,1.005,11.3.2 Leite fermentado,,11.3.2 Leite fermentado
11. Laticínios,11.3 Outros laticínios,11.3.3 Manteiga,0.448,0.405,0.447,0.328,11.3.3 Manteiga,,11.3.3 Manteiga
11. Laticínios,11.3 Outros laticínios,11.3.4 Outros,0.173,0.301,0.054,0.083,11.3.4 Outros,,11.3.4 Outros
12. Açúcares e produtos de confeitaria,NADA,12. Açúcares e produtos de confeitaria,25.824,22.483,...,...,,,0
12. Açúcares e produtos de confeitaria,"12. Açúcares, doces e produtos de confeitaria","12. Açúcares, doces e produtos de confeitaria",...,...,17.847,16.416,"12. Açúcares, doces e produtos de confeitaria","12. Açúcares, doces e produtos de confeitaria12. Açúcares e produtos de confeitaria","12. Açúcares, doces e produtos de confeitaria12. Açúcares e produtos de confeitaria"
12. Açúcares e produtos de confeitaria,"12. Açúcares, doces e produtos de confeitaria",12.1 Açúcares,22.391,20.1,14.653,12.859,12.1 Açúcares,,12.1 Açúcares
12. Açúcares e produtos de confeitaria,"12. Açúcares, doces e produtos de confeitaria",12.1.1 Açúcar cristal,6.745,6.865,4.883,6.142,12.1.1 Açúcar cristal,,12.1.1 Açúcar cristal
12. Açúcares e produtos de confeitaria,"12. Açúcares, doces e produtos de confeitaria",12.1.2 Açúcar demerara,...,...,0.034,0.258,,,0
12. Açúcares e produtos de confeitaria,"12. Açúcares, doces e produtos de confeitaria",12.1.3 Açúcar não especificado,...,...,2.06,3.137,,,0
12. Açúcares e produtos de confeitaria,"12. Açúcares, doces e produtos de confeitaria",12.1.4 Açúcar refinado,15.609,13.204,7.62,3.271,12.1.4 Açúcar refinado,12.1.4 Açúcar refinado12.1.3 Açúcar não especificado12.1.2 Açúcar demerara,12.1.4 Açúcar refinado12.1.3 Açúcar não especificado12.1.2 Açúcar demerara
12. Açúcares e produtos de confeitaria,"12. Açúcares, doces e produtos de confeitaria",12.1.5 Outros,0.037,0.031,0.056,0.051,12.1.5 Outros,,12.1.5 Outros
12. Açúcares e produtos de confeitaria,12.2 Doces e derivados,12.2 Doces e derivados,2.729,1.666,...,...,,,0
12. Açúcares e produtos de confeitaria,12.2 Doces e derivados,12.2 Doces e produtos de confeitaria,...,...,2.067,2.58,12.2 Doces e produtos de confeitaria,12.2 Doces e produtos de confeitaria12.2 Doces e derivados,12.2 Doces e produtos de confeitaria12.2 Doces e derivados
12. Açúcares e produtos de confeitaria,12.2 Doces e derivados,12.2.1 Bombom,0.147,-,0.179,0.229,,,0
12. Açúcares e produtos de confeitaria,12.2 Doces e derivados,12.2.2 Chiclete,0.147,-,...,...,,,0
12. Açúcares e produtos de confeitaria,12.2 Doces e derivados,12.2.2 Chocolate em tablete,...,...,0.118,0.19,,,0
12. Açúcares e produtos de confeitaria,12.2 Doces e derivados,12.2.3 Doce a base de leite,0.228,0.133,0.155,0.118,12.2.3 Doce a base de leite,,12.2.3 Doce a base de leite
12. Açúcares e produtos de confeitaria,12.2 Doces e derivados,12.2.4 Doce de fruta cristalizado,...,...,0.018,0.015,,,0
12. Açúcares e produtos de confeitaria,12.2 Doces e derivados,12.2.5 Doce de fruta em calda,0.14,0.132,0.056,0.072,12.2.5 Doce de fruta,,12.2.5 Doce de fruta
12. Açúcares e produtos de confeitaria,12.2 Doces e derivados,12.2.6 Doce de fruta em pasta,0.465,0.307,0.247,0.184,,,0
12. Açúcares e produtos de confeitaria,12.2 Doces e derivados,12.2.7 Rapadura,...,...,0.038,0.056,,,0
12. Açúcares e produtos de confeitaria,12.2 Doces e derivados,12.2.8 Sorvete,0.409,0.635,0.748,0.893,12.2.8 Sorvete,,12.2.8 Sorvete
12. Açúcares e produtos de confeitaria,12.2 Doces e derivados,12.2.9 Outros,1.193,0.46,0.51,0.823,12.2.9 Outros,12.2.9 Outros12.2.7 Rapadura12.2.1 Bombom12.2.2 Chiclete12.2.2 Chocolate em tablete,12.2.9 Outros12.2.7 Rapadura12.2.1 Bombom12.2.2 Chiclete12.2.2 Chocolate em tablete
12. Açúcares e produtos de confeitaria,12.3 Outros açucares e produtos de confeitaria,12.3 Outros açucares e produtos de confeitaria,0.705,0.716,...,...,,,0
12. Açúcares e produtos de confeitaria,12.3 Outros açucares e produtos de confeitaria,"12.3 Outros açúcares, doces e produtos de confeitaria",...,...,1.127,0.976,"12.3 Outros açúcares, doces e produtos de confeitaria","12.3 Outros açúcares, doces e produtos de confeitaria12.3 Outros açucares e produtos de confeitaria","12.3 Outros açúcares, doces e produtos de confeitaria12.3 Outros açucares e produtos de confeitaria"
12. Açúcares e produtos de confeitaria,12.3 Outros açucares e produtos de confeitaria,12.3.1 Chocolate em pó,0.467,0.578,0.807,0.733,12.3.1 Chocolate em pó,,12.3.1 Chocolate em pó
12. Açúcares e produtos de confeitaria,12.3 Outros açucares e produtos de confeitaria,12.3.2 Gelatina,...,...,0.119,0.084,,,0
12. Açúcares e produtos de confeitaria,12.3 Outros açucares e produtos de confeitaria,12.3.3 Mel de abelha,...,...,0.051,0.032,,,0
12. Açúcares e produtos de confeitaria,12.3 Outros açucares e produtos de confeitaria,12.3.4 Polpa de fruta,...,...,0.14,0.118,,,0
12. Açúcares e produtos de confeitaria,12.3 Outros açucares e produtos de confeitaria,12.3.5 Outros,0.238,0.139,0.009,0.01,12.3.5 Outros,12.3.5 Outros12.3.4 Polpa de fruta12.3.2 Gelatina12.3.3 Mel de abelha,12.3.5 Outros12.3.4 Polpa de fruta12.3.2 Gelatina12.3.3 Mel de abelha
13. Sais e condimentos,NADA,13. Sais e condimentos,6.803,4.938,5.314,4.954,13. Sais e condimentos,,13. Sais e condimentos
13. Sais e condimentos,13.1 Sais,13.1 Sais,3.392,2.428,1.812,1.648,13.1 Sais,,13.1 Sais
13. Sais e condimentos,13.1 Sais,13.1.1 Sal grosso,0.082,0.06,0.045,0.29,13.1.1 Sal grosso,,13.1.1 Sal grosso
13. Sais e condimentos,13.1 Sais,13.1.2 Sal refinado,3.239,2.365,1.761,1.354,13.1.2 Sal refinado,,13.1.2 Sal refinado
13. Sais e condimentos,13.1 Sais,13.1.3 Outros,0.072,0.002,0.006,0.004,13.1.3 Outros,,13.1.3 Outros
13. Sais e condimentos,13.2 Condimentos,13.2 Condimentos,3.411,2.51,3.502,3.306,13.2 Condimentos,,13.2 Condimentos
13. Sais e condimentos,13.2 Condimentos,13.2.1 Caldo de carne em tablete,0.035,0.02,0.035,0.042,13.2.1 Caldo de carne em tablete,,13.2.1 Caldo de carne em tablete
13. Sais e condimentos,13.2 Condimentos,13.2.2 Caldo de galinha em tablete,0.037,0.046,0.048,0.049,13.2.2 Caldo de galinha em tablete,,13.2.2 Caldo de galinha em tablete
13. Sais e condimentos,13.2 Condimentos,13.2.3 Coco ralado,0.033,0.028,...,...,,,0
13. Sais e condimentos,13.2 Condimentos,13.2.3 Outros caldos em tablete,...,...,0.027,0.053,,,0
13. Sais e condimentos,13.2 Condimentos,13.2.4 Colorau,...,...,0.046,0.035,,,0
13. Sais e condimentos,13.2 Condimentos,13.2.5 Fermento,0.097,0.058,0.047,0.04,13.2.5 Fermento,,13.2.5 Fermento
13. Sais e condimentos,13.2 Condimentos,13.2.6 Leite de coco,...,...,0.056,0.103,,,0
13. Sais e condimentos,13.2 Condimentos,13.2.7 Maionese,0.375,0.351,0.484,0.433,13.2.7 Maionese,,13.2.7 Maionese
13. Sais e condimentos,13.2 Condimentos,13.2.8 Massa de tomate,0.895,0.549,1.124,0.718,13.2.8 Massa de tomate,,13.2.8 Massa de tomate
13. Sais e condimentos,13.2 Condimentos,13.2.9 Molho de tomate,0.417,0.368,0.655,0.921,13.2.9 Molho de tomate,,13.2.9 Molho de tomate
13. Sais e condimentos,13.2 Condimentos,13.2.10 Tempero misto,0.333,0.096,0.204,0.129,13.2.10 Tempero misto,,13.2.10 Tempero misto
13. Sais e condimentos,13.2 Condimentos,13.2.11 Vinagre de álcool,0.211,0.255,0.175,0.207,13.2.11 Vinagre de álcool,,13.2.11 Vinagre de álcool
13. Sais e condimentos,13.2 Condimentos,13.2.12 Vinagre de vinho,0.603,0.476,0.179,0.099,13.2.12 Vinagre de vinho,,13.2.12 Vinagre de vinho
13. Sais e condimentos,13.2 Condimentos,13.2.13 Vinagre não especificado,...,...,0.226,0.234,,,0
13. Sais e condimentos,13.2 Condimentos,13.2.14 Outros,0.374,0.264,0.196,0.242,13.2.14 Outros,13.2.14 Outros13.2.13 Vinagre não especificado13.2.3 Coco ralado13.2.3 Outros caldos em tablete13.2.4 Colorau13.2.6 Leite de coco,13.2.14 Outros13.2.13 Vinagre não especificado13.2.3 Coco ralado13.2.3 Outros caldos em tablete13.2.4 Colorau13.2.6 Leite de coco
14. Óleos e gorduras,NADA,14. Óleos e gorduras,11.885,9.069,8.734,7.607,14. Óleos e gorduras,,14. Óleos e gorduras
14. Óleos e gorduras,14.1 Óleos,14.1 Óleos,9.442,7.526,6.731,5.627,14.1 Óleos,,14.1 Óleos
14. Óleos e gorduras,14.1 Óleos,14.1.1 Azeite de oliva,0.158,0.197,0.256,0.284,14.1.1 Azeite de oliva,,14.1.1 Azeite de oliva
14. Óleos e gorduras,14.1 Óleos,14.1.2 Óleo de girassol,...,...,0.164,0.183,,,0
14. Óleos e gorduras,14.1 Óleos,14.1.3 Óleo de canola,...,...,0.139,0.08,,,0
14. Óleos e gorduras,14.1 Óleos,14.1.4 Óleo de milho,0.339,0.201,0.218,0.195,14.1.4 Óleo de milho,,14.1.4 Óleo de milho
14. Óleos e gorduras,14.1 Óleos,14.1.5 Óleo de soja,8.841,6.94,5.681,4.638,14.1.5 Óleo de soja,,14.1.5 Óleo de soja
14. Óleos e gorduras,14.1 Óleos,14.1.6 Óleo não especificado,...,...,0.239,0.116,14.1.6 Óleo não especificado,14.1.6 Óleo não especificado14.1.2 Óleo de girassol14.1.3 Óleo de canola,14.1.6 Óleo não especificado14.1.2 Óleo de girassol14.1.3 Óleo de canola
14. Óleos e gorduras,14.1 Óleos,14.1.7 Outros,0.103,0.188,0.033,0.131,14.1.7 Outros,,14.1.7 Outros
14. Óleos e gorduras,14.2 Gorduras,14.2 Gorduras,2.444,1.544,2.003,1.98,14.2 Gorduras,,14.2 Gorduras
14. Óleos e gorduras,14.2 Gorduras,14.2.1 Banha de porco,...,...,0.026,0.01,,,0
14. Óleos e gorduras,14.2 Gorduras,14.2.2 Margarina vegetal,2.143,1.459,1.963,1.966,14.2.2 Margarina vegetal,,14.2.2 Margarina vegetal
14. Óleos e gorduras,14.2 Gorduras,14.2.3 Outras,0.3,0.085,0.014,0.004,14.2.3 Outras,14.2.3 Outras14.2.1 Banha de porco,14.2.3 Outras14.2.1 Banha de porco
15. Bebidas e infusões,NADA,15. Bebidas e infusões,25.046,32.557,57.544,55.573,15. Bebidas e infusões,,15. Bebidas e infusões
15. Bebidas e infusões,15.1 Bebidas alcoólicas,15.1 Bebidas alcoólicas,5.938,7.531,6.87,7.265,15.1 Bebidas alcoólicas,,15.1 Bebidas alcoólicas
15. Bebidas e infusões,15.1 Bebidas alcoólicas,15.1.1 Aguardente de cana,0.429,0.278,0.146,0.14,,,0
15. Bebidas e infusões,15.1 Bebidas alcoólicas,15.1.2 Outras aguardentes,...,...,0.018,0.005,15.1.2 aguardentes,15.1.2 Outras aguardentes15.1.1 Aguardente de cana,15.1.2 Outras aguardentes15.1.1 Aguardente de cana
15. Bebidas e infusões,15.1 Bebidas alcoólicas,15.1.3 Cerveja,4.354,6.402,5.869,5.774,15.1.3 Cerveja,,15.1.3 Cerveja
15. Bebidas e infusões,15.1 Bebidas alcoólicas,15.1.4 Vinho,0.626,0.58,0.621,1.038,15.1.4 Vinho,,15.1.4 Vinho
15. Bebidas e infusões,15.1 Bebidas alcoólicas,15.1.5 Outras,0.529,0.271,0.216,0.308,15.1.5 Outras,,15.1.5 Outras
15. Bebidas e infusões,15.2 Bebidas não alcoólicas,15.2 Bebidas não alcoólicas,16.245,22.389,47.949,45.642,15.2 Bebidas não alcoólicas,,15.2 Bebidas não alcoólicas
15. Bebidas e infusões,15.2 Bebidas não alcoólicas,15.2.1 Água mineral,0.943,0.596,16.762,14.299,15.2.1 Água mineral,,15.2.1 Água mineral
15. Bebidas e infusões,15.2 Bebidas não alcoólicas,15.2.2 Refrigerante de cola,9.563,12.565,12.244,15.064,15.2.2 Refrigerante de cola,,15.2.2 Refrigerante de cola
15. Bebidas e infusões,15.2 Bebidas não alcoólicas,15.2.3 Refrigerante de guaraná,2.695,4.28,7.254,5.919,15.2.3 Refrigerante de guaraná,,15.2.3 Refrigerante de guaraná
15. Bebidas e infusões,15.2 Bebidas não alcoólicas,15.2.4 Refrigerante de laranja,0.727,1.112,1.636,1.398,15.2.4 Refrigerante de laranja,,15.2.4 Refrigerante de laranja
15. Bebidas e infusões,15.2 Bebidas não alcoólicas,15.2.5 Refrigerante de limão,0.431,0.325,0.523,0.946,15.2.5 Refrigerante de limão,,15.2.5 Refrigerante de limão
15. Bebidas e infusões,15.2 Bebidas não alcoólicas,15.2.6 Refrigerante de maçã,...,...,0.047,0.057,,,0
15. Bebidas e infusões,15.2 Bebidas não alcoólicas,15.2.7 Refrigerante de uva,...,...,0.636,0.451,,,0
15. Bebidas e infusões,15.2 Bebidas não alcoólicas,15.2.8 Bebida energética,...,...,0.085,0.079,,,0
15. Bebidas e infusões,15.2 Bebidas não alcoólicas,15.2.9 Refrigerante não especificado,...,...,5.787,3.521,,,0
15. Bebidas e infusões,15.2 Bebidas não alcoólicas,15.2.10 Outros refrigerantes,1.195,2.554,0.522,0.541,15.2.10 Outros refrigerantes,15.2.10 Outros refrigerantes15.2.9 Refrigerante não especificado15.2.6 Refrigerante de maçã15.2.7 Refrigerante de uva15.2.8 Bebida energética,15.2.10 Outros refrigerantes15.2.9 Refrigerante não especificado15.2.6 Refrigerante de maçã15.2.7 Refrigerante de uva15.2.8 Bebida energética
15. Bebidas e infusões,15.2 Bebidas não alcoólicas,15.2.11 Suco de fruta em pó,0.147,0.135,0.361,0.341,15.2.11 Suco de fruta em pó,,15.2.11 Suco de fruta em pó
15. Bebidas e infusões,15.2 Bebidas não alcoólicas,15.2.12 Suco de fruta envasado,0.372,0.716,1.838,2.43,15.2.12 Suco de fruta envasado,,15.2.12 Suco de fruta envasado
15. Bebidas e infusões,15.2 Bebidas não alcoólicas,15.2.13 Outras,0.173,0.106,0.255,0.597,15.2.13 Outras,,15.2.13 Outras
15. Bebidas e infusões,15.3 Cafés,15.3 Cafés,2.638,2.384,2.33,2.338,15.3 Cafés,,15.3 Cafés
15. Bebidas e infusões,15.3 Cafés,15.3.1 Café moído,2.545,2.33,2.191,2.189,15.3.1 Café moído,,15.3.1 Café moído
15. Bebidas e infusões,15.3 Cafés,15.3.2 Café solúvel,0.052,0.043,0.132,0.129,15.3.2 Café solúvel,,15.3.2 Café solúvel
15. Bebidas e infusões,15.3 Cafés,15.3.3 Outros,0.041,0.011,0.007,0.02,15.3.3 Outros,,15.3.3 Outros
15. Bebidas e infusões,15.4 Chás,15.4 Chás,0.224,0.253,0.396,0.328,15.4 Chás,,15.4 Chás
15. Bebidas e infusões,15.4 Chás,15.4.1 Chá-mate,0.185,0.238,0.263,0.306,15.4.1 Chá-mate,,15.4.1 Chá-mate
15. Bebidas e infusões,15.4 Chás,15.4.2 Chá preto,0.013,0.002,...,...,,,0
15. Bebidas e infusões,15.4 Chás,15.4.3 Outros,0.027,0.013,0.132,0.023,15.4.3 Outros,15.4.3 Outros15.4.2 Chá preto,15.4.3 Outros15.4.2 Chá preto
16. Outros produtos,NADA,16. Outros produtos,1.698,2.881,...,...,,,0
16. Outros produtos,16. Alimentos preparados e misturas industriais,16. Alimentos preparados e misturas industriais,...,...,3.248,4.142,16. Alimentos preparados e misturas industriais,16. Alimentos preparados e misturas industriais16. Outros produtos,16. Alimentos preparados e misturas industriais16. Outros produtos
16. Outros produtos,16. Alimentos preparados e misturas industriais,16.1 Outros produtos,1.698,2.881,...,...,,,0
16. Outros produtos,16. Alimentos preparados e misturas industriais,16.1 Alimentos preparados,...,...,2.946,3.821,16.1 Alimentos preparados,16.1 Alimentos preparados16.1 Outros produtos,16.1 Alimentos preparados16.1 Outros produtos
16. Outros produtos,16. Alimentos preparados e misturas industriais,16.1.1 Alimento congelado,...,...,0.055,0.1,,,0
16. Outros produtos,16. Alimentos preparados e misturas industriais,16.1.1 Frango assado ou defumado,0.329,0.93,...,...,,,0
16. Outros produtos,16. Alimentos preparados e misturas industriais,16.1.2 Batata frita,...,...,0.136,0.144,,,0
16. Outros produtos,16. Alimentos preparados e misturas industriais,16.1.2 Massa preparada,0.348,0.769,...,...,,,0
16. Outros produtos,16. Alimentos preparados e misturas industriais,16.1.3 Carne assada,...,...,0.264,0.102,,,0
16. Outros produtos,16. Alimentos preparados e misturas industriais,16.1.3 Mistura industrial para bolo,0.131,0.099,...,...,,,0
16. Outros produtos,16. Alimentos preparados e misturas industriais,16.1.4 Frango assado ou defumado,...,...,0.795,0.991,16.1.4 Frango assado ou defumado,16.1.4 Frango assado ou defumado16.1.1 Frango assado ou defumado,16.1.4 Frango assado ou defumado16.1.1 Frango assado ou defumado
16. Outros produtos,16. Alimentos preparados e misturas industriais,16.1.4 Refeição pronta,0.395,0.365,...,...,,,0
16. Outros produtos,16. Alimentos preparados e misturas industriais,16.1.5 Frango empanado,...,...,0.192,0.211,,,0
16. Outros produtos,16. Alimentos preparados e misturas industriais,16.1.5 Salgadinho,0.191,0.288,...,...,,,0
16. Outros produtos,16. Alimentos preparados e misturas industriais,16.1.6 Massa,...,...,0.529,0.769,16.1.6 Massa,16.1.6 Massa16.1.2 Massa preparada,16.1.6 Massa16.1.2 Massa preparada
16. Outros produtos,16. Alimentos preparados e misturas industriais,16.1.6 Outros produtos,0.304,0.431,...,...,16.1.6 Outros produtos,,16.1.6 Outros produtos
16. Outros produtos,16. Alimentos preparados e misturas industriais,16.1.7 Refeição,...,...,0.445,0.612,16.1.7 Refeição,16.1.7 Refeição16.1.4 Refeição pronta,16.1.7 Refeição16.1.4 Refeição pronta
16. Outros produtos,16. Alimentos preparados e misturas industriais,16.1.8 Salgadinho,...,...,0.227,0.32,16.1.8 Salgadinho,16.1.8 Salgadinho16.1.5 Salgadinho,16.1.8 Salgadinho16.1.5 Salgadinho
16. Outros produtos,16. Alimentos preparados e misturas industriais,16.1.9 Sanduíche,...,...,0.013,0.124,,,0
16. Outros produtos,16. Alimentos preparados e misturas industriais,16.1.10 Outros,...,...,0.289,0.448,,,0
16. Outros produtos,16. Alimentos preparados e misturas industriais,16.2 Misturas industriais,...,...,0.302,0.321,,,0
16. Outros produtos,16. Alimentos preparados e misturas industriais,16.2.1 Mistura para bolo,...,...,0.279,0.299,16.2.1 Mistura para bolo,16.2.1 Mistura para bolo16.1.3 Mistura industrial para bolo,16.2.1 Mistura para bolo16.1.3 Mistura industrial para bolo
16. Outros produtos,16. Alimentos preparados e misturas industriais,16.2.2 Outras,...,...,0.023,0.022,,,0
16. Outros produtos,16. Alimentos preparados e misturas industriais,17. Outros produtos,...,...,0.004,0.001,,17. Outros produtos16.2.2 Outras16.1.10 Outros16.1.9 Sanduíche16.1.6 Outros produtos16.1.5 Frango empanado16.1.3 Carne assada16.1.2 Batata frita16.1.1 Alimento congelado,17. Outros produtos16.2.2 Outras16.1.10 Outros16.1.9 Sanduíche16.1.6 Outros produtos16.1.5 Frango empanado16.1.3 Carne assada16.1.2 Batata frita16.1.1 Alimento congelado
