0,1,2,3,4,5,6,7,8,9,10,11,12,13
,https://github.com/datazoompuc/datazoom_social_Stata/blob/main/POF/1995/datazoom_pof1995.ado,,,,,,,,,,,,
1995,Alimentação no domicílio (DAD),Cereais_leguminosas_etc,Arroz,"6301:6303, 6333, 6337",,,,,,,,,
1995,Alimentação no domicílio (DAD),Cereais_leguminosas_etc,Feijao,"6313:6325, 6331, 6336",,,,,,,,,
1995,Alimentação no domicílio (DAD),Cereais_leguminosas_etc,Outros_cereais_etc,"6304:6312, 6326:6330, 6332, 6335",,,,,,,,,
1995,Alimentação no domicílio (DAD),Farinhas_feculas_e_massas,Macarrao,6427:6434,,,,,,,,,
1995,Alimentação no domicílio (DAD),Farinhas_feculas_e_massas,Farinha_de_trigo,6410,,,,,,,,,
1995,Alimentação no domicílio (DAD),Farinhas_feculas_e_massas,Farinha_de_mandioca,6414,,,,,,,,,
1995,Alimentação no domicílio (DAD),Farinhas_feculas_e_massas,Outras_farinhas_etc,"6401:6409, 6411:6413, 6415:6426, 6435:6439, 6442:6444",,,,,,,,,
1995,Alimentação no domicílio (DAD),Tuberculos_e_raizes,Batata_inglesa,6351,,,,,,,,,
1995,Alimentação no domicílio (DAD),Tuberculos_e_raizes,Cenoura,6362,,,,,,,,,
1995,Alimentação no domicílio (DAD),Tuberculos_e_raizes,Outros_tuberculos,"6352:6361, 6363:6366",,,,,,,,,
1995,Alimentação no domicílio (DAD),Acucares_e_derivados,Acucar_refinado,6701,,,,,,,,,
1995,Alimentação no domicílio (DAD),Acucares_e_derivados,Acucar_cristal,6702,,,,,,,,,
1995,Alimentação no domicílio (DAD),Acucares_e_derivados,Outros_acucares_etc,6703:6765,,,,,,,,,
1995,Alimentação no domicílio (DAD),Legumes_e_verduras,Tomate,6551,,,,,,,,,
1995,Alimentação no domicílio (DAD),Legumes_e_verduras,Cebola,6557,,,,,,,,,
1995,Alimentação no domicílio (DAD),Legumes_e_verduras,Alface,6501,,,,,,,,,
1995,Alimentação no domicílio (DAD),Legumes_e_verduras,Outros_legumes_etc,"6502:6550, 6552:6556, 6558:6562",,,,,,,,,
1995,Alimentação no domicílio (DAD),Frutas,Banana,6601:6611,,,,,,,,,
1995,Alimentação no domicílio (DAD),Frutas,Laranja,6612:6618,,,,,,,,,
1995,Alimentação no domicílio (DAD),Frutas,Maca,6630,,,,,,,,,
1995,Alimentação no domicílio (DAD),Frutas,Outras_frutas,"6451, 6452, 6459:6464, 6466:6469, 6471, 6619:6629, 6631:6688",,,,,,,,,
1995,Alimentação no domicílio (DAD),Carnes_visceras_etc,Carne_de_boi_de_primeira,"6901:6907, 6914, 6916",,,,,,,,,
1995,Alimentação no domicílio (DAD),Carnes_visceras_etc,Carne_de_boi_de_segunda,"6908:6913, 6915, 6917, 6926",,,,,,,,,
1995,Alimentação no domicílio (DAD),Carnes_visceras_etc,Carne_de_suino,6933:6937,,,,,,,,,
1995,Alimentação no domicílio (DAD),Carnes_visceras_etc,Carnes_e_peixes_ind,"7004:7005, 7014:7015, 7024:7025, 7034:7035, 7044, 7045, 7054:7055, 7064:7065, 7074:7075, 7084:7085, 7094:7095, 7104:7105, 7114:7116, 7124:7125, 7134:7135, 7144:7145, 7154:7155, 7164:7165, 7184:7185, 7194:7195, 7204:7205, 7214:7215, 7224:7225, 7234:7235, 7244:7245, 7254:7255, 7264:7265, 7274, 7275, 7284:7285, 7294:7295, 7304:7305, 7314:7315, 7324:7325, 7334:7335, 7344:7345, 7354:7355, 7364:7365, 7384:7385, 7394:7395, 7404:7405, 7414:7415, 7424:7425, 7434:7435, 7444:7445, 7454:7455, 7464:7465, 7474:7475, 7484:7485, 7494:7495, 7504:7505, 7534:7535, 7544:7545, 7554:7555, 7574:7575, 7584:7585, 7594:7595, 7604:7605, 7614:7615, 7624:7625, 7644:7645, 7654:7655, 7664, 7674, 7684, 7694, 7704, 7724, 7734, 7744, 7754:7755, 7764, 7774:7775, 7784, 7794:7795, 7804, 7814:7815, 7824, 7834:7835, 7844:7845, 7854:7855, 8004:8005, 8014:8015, 8024:8025, 8034:8035, 8044:8045, 8054:8055, 8064:8065, 8074:8075, 8084:8085, 8094:8095, 8104:8105, 8114:8115, 8124:8125, 8134:8135, 8144:8145, 8154:8155, 8164:8165, 8174:8175, 8184:8185, 8194:8195, 8204:8205, 8214:8215, 8224:8225, 8234:8235, 8244:8245, 8254:8255, 8264:8265, 8274:8275, 8284:8285, 8294:8295, 8304:8305, 8314:8315, 8324:8325, 8334:8335, 8344:8345, 8354:8355, 8364:8365, 8374:8375, 8384:8385, 8394:8395, 8404:8405, 8414:8415, 8424:8425, 8434, 8444:8445, 8454:8455, 8464:8465, 8474:8475, 8484:8485, 8494:8495, 8504, 8514:8515",,,,,,,,,
1995,Alimentação no domicílio (DAD),Carnes_visceras_etc,Pescados_frescos,"7001:7003, 7011:7013, 7021:7023, 7031:7033, 7041:7043, 7051:7053, 7061:7063, 7071:7073, 7081:7083, 7091:7093, 7101:7103, 7111:7113, 7121:7123, 7131:7133, 7141:7143, 7149, 7151:7153, 7161:7163, 7169, 7181:7183, 7191:7193, 7201:7203, 7211:7213, 7221:7223, 7231:7233, 7241:7243, 7251:7253, 7261:7263, 7271:7273, 7281:7283, 7291:7293, 7301:7303, 7311:7313, 7321:7323, 7331:7333, 7341:7343, 7351:7353, 7361:7363, 7381:7383, 7391:7393, 7401:7403, 7411:7413, 7419, 7421:7423, 7431:7433, 7441:7443, 7451:7453, 7461:7463, 7471:7473, 7481:7483, 7491:7493, 7501:7503, 7531:7533, 7541:7543, 7551:7553, 7571:7573, 7581:7583, 7591:7593, 7601:7603, 7614:7613, 7621:7623, 7641:7643, 7651:7653, 7656:7657, 7661:7662, 7671:7672, 7681:7682, 7691:7692, 7701:7702, 7711, 7721:7722, 7731:7733, 7741:7742, 7751:7753, 7771:7773, 7781:7783, 7791:7793, 7801, 7811:7813, 7821:7822, 7831:7833, 7841:7843, 7851:7853, 8001:8003, 8011:8013, 8021:8023, 8031:8033, 8041:8043, 8049, 8051:8053, 8061:8063, 8071:8073, 8081:8083, 8091:8093, 8101:8103, 8111:8113, 8121:8123, 8131:8133, 8141:8143, 8151:8153, 8161:8163, 8171:8173, 8181:8183, 8191:8193, 8201:8203, 8211:8213, 8221:8223, 8231:8233, 8241:8243, 8251:8253, 8261:8263, 8271:8273, 8281:8283, 8291:8293, 8301:8303, 8311:8313, 8321:8323, 8329, 8331:8333, 8341:8343, 8349, 8351:8353, 8361:8363, 8371:8373, 8381:8383, 8391:8393, 8401:8403, 8411:8413, 8421:8423, 8431:8432, 8441:8443, 8451:8453, 8461:8463, 8471:8473, 8481:8483, 8491:8493, 8501:8502, 8511:8513",,,,,,,,,
1995,Alimentação no domicílio (DAD),Carnes_visceras_etc,Outros_carnes_etc,"6918:6925, 6927:6932, 6938:6957, 6967, 6969:6986, 6988",,,,,,,,,
1995,Alimentação no domicílio (DAD),Aves_e_ovos,Frango,"9101:9114, 9136, 91047:91048",,,,,,,,,
1995,Alimentação no domicílio (DAD),Aves_e_ovos,Ovo_de_galinha,9133,,,,,,,,,
1995,Alimentação no domicílio (DAD),Aves_e_ovos,Outros_aves_etc,"9115:9122, 9130, 9134:9135, 9137:9143",,,,,,,,,
1995,Alimentação no domicílio (DAD),Leites_e_derivados,Leite_de_vaca,9151:9152,,,,,,,,,
1995,Alimentação no domicílio (DAD),Leites_e_derivados,Leite_em_po,9156:9158,,,,,,,,,
1995,Alimentação no domicílio (DAD),Leites_e_derivados,Queijos,"9167:9180, 9186:9187, 9196",,,,,,,,,
1995,Alimentação no domicílio (DAD),Leites_e_derivados,Outros_leites_etc,"9153:9155, 9159:9166, 9182, 9185, 9188:9189",,,,,,,,,
1995,Alimentação no domicílio (DAD),Panificados,Pao_frances,9201,,,,,,,,,
1995,Alimentação no domicílio (DAD),Panificados,Biscoito,9222:9224,,,,,,,,,
1995,Alimentação no domicílio (DAD),Panificados,Outros_panificados,"9202:9221, 9225:9245, 92061, 92086:92088, 92090, 92099:92104, 92106:92107, 92109",,,,,,,,,
1995,Alimentação no domicílio (DAD),Oleos_e_gorduras,Oleo_de_soja,9403,,,,,,,,,
1995,Alimentação no domicílio (DAD),Oleos_e_gorduras,Azeite_de_oliva,9401,,,,,,,,,
1995,Alimentação no domicílio (DAD),Oleos_e_gorduras,Outros_oleos_e_gorduras,"9402, 9404:9429",,,,,,,,,
1995,Alimentação no domicílio (DAD),Bebidas_e_infusoes,Cafe_moido,9325,,,,,,,,,
1995,Alimentação no domicílio (DAD),Bebidas_e_infusoes,Refrigerantes,"9301:9319, 9335, 9339:9343, 9346, 9349, 9350, 9354:9355, 9357:9358, 9360",,,,,,,,,
1995,Alimentação no domicílio (DAD),Bebidas_e_infusoes,Cervejas_e_chopes,9701:9702,,,,,,,,,
1995,Alimentação no domicílio (DAD),Bebidas_e_infusoes,Outras_bebidas_alcoolicas,9703:9730,,,,,,,,,
1995,Alimentação no domicílio (DAD),Bebidas_e_infusoes,Outras_bebidas_etc,"6467, 6757, 6764:6765, 9320:9324, 9326:9334, 9336:9338, 9344:9345, 9347:9348, 9351:9353, 93056, 9359, 9361:9365",,,,,,,,,
1995,Alimentação no domicílio (DAD),Sal_e_condimentos,Enlatados_e_conservas,9001:9055,,,,,,,,,
1995,Alimentação no domicílio (DAD),Sal_e_condimentos,Massa_de_tomate,6847,,,,,,,,,
1995,Alimentação no domicílio (DAD),Sal_e_condimentos,Maionese,6843,,,,,,,,,
1995,Alimentação no domicílio (DAD),Sal_e_condimentos,Sal_refinado,6801,,,,,,,,,
1995,Alimentação no domicílio (DAD),Sal_e_condimentos,Outros_sal,"6802:6842, 6844:6846, 6848:6875",,,,,,,,,
1995,Alimentação no domicílio (DAD),Alimentos_preparados,Alimentos_preparados,9451:9482,,,,,,,,,
1995,Alimentação no domicílio (DAD),Outros_alimentacao_no_dom,Outros_alimentacao_no_dom,9993:9998,,,,,,,,,
1995,Alimentação fora do domicílio (DAF),Almoco_e_jantar,Almoco_e_jantar,"2401, 4844",,,,,,,,,
1995,Alimentação fora do domicílio (DAF),Cafe_leite_chocolate,Cafe_leite_chocolate,"2402, 2405",,,,,,,,,
1995,Alimentação fora do domicílio (DAF),Sanduiches_e_salgados,Sanduiches_e_salgados,2404,,,,,,,,,
1995,Alimentação fora do domicílio (DAF),Refri_e_outras_nao_alcoolicas,Refri_e_outras_nao_alcoolicas,"2406:2407, 2413, 2420:2422, 2428:2429, 2431:2433, 2436, 2439:2440",,,,,,,,,
1995,Alimentação fora do domicílio (DAF),Lanches,Lanches,"2437, 24053:24054, 24056:24057, 41006, 49026",,,,,,,,,
1995,Alimentação fora do domicílio (DAF),Cervejas_e_outras_alcoolicas,Cervejas_e_outras_alcoolicas,2409:2412,,,,,,,,,
1995,Alimentação fora do domicílio (DAF),Outras_alimentacao_fora_do_dom,Outras_alimentacao_fora_do_dom,"2403, 2408, 2414:2419, 2423:2427, 2430, 2434:2435, 2438, 24050, 24058, 24061, 24096:24098",,,,,,,,,
1995,Despesas diversas (DDI),Servicos_e_taxas,Aluguel,"1005, 1010, 1016, 1018",Servicos_e_taxas,Aluguel,Codigo  %in% c(,"1005, 1010, 1016, 1018","), """,31001,""",",Aluguel,31001
1995,Despesas diversas (DDI),Servicos_e_taxas,Energia_eletrica,4707,Servicos_e_taxas,Energia_eletrica,Codigo  %in% c(,4707,"), """,31002,""",",Energia_eletrica,31002
1995,Despesas diversas (DDI),Servicos_e_taxas,Telefone_fixo,"0704, 0713:0714",Servicos_e_taxas,Telefone_fixo,Codigo  %in% c(,"0704, 0713:0714","), """,31003,""",",Telefone_fixo,31003
1995,Despesas diversas (DDI),Servicos_e_taxas,Telefone_celular,0715,Servicos_e_taxas,Telefone_celular,Codigo  %in% c(,0715,"), """,31004,""",",Telefone_celular,31004
1995,Despesas diversas (DDI),Servicos_e_taxas,Gas_domestico,"0703, 0705, 0708",Servicos_e_taxas,Gas_domestico,Codigo  %in% c(,"0703, 0705, 0708","), """,31005,""",",Gas_domestico,31005
1995,Despesas diversas (DDI),Servicos_e_taxas,Agua_e_esgoto,0701,Servicos_e_taxas,Agua_e_esgoto,Codigo  %in% c(,0701,"), """,31006,""",",Agua_e_esgoto,31006
1995,Despesas diversas (DDI),Servicos_e_taxas,Outros_servicos_etc,"0706:0707, 0709, 0711:0712, 0798",Servicos_e_taxas,Outros_servicos_etc,Codigo  %in% c(,"0706:0707, 0709, 0711:0712, 0798","), """,31007,""",",Outros_servicos_etc,31007
1995,Despesas diversas (DDI),Habitacao,Manutencao_do_lar,"0801:0864, 0866:0873, 0898, 1901:1930, 1948",Habitacao,Manutencao_do_lar,Codigo  %in% c(,"0801:0864, 0866:0873, 0898, 1901:1930, 1948","), """,32001,""",",Manutencao_do_lar,32001
1995,Despesas diversas (DDI),Habitacao,Artigos_de_limpeza,"9501:, 9581",Habitacao,Artigos_de_limpeza,Codigo  %in% c(,"9501:, 9581","), """,32002,""",",Artigos_de_limpeza,32002
1995,Despesas diversas (DDI),Habitacao,Mobiliarios_e_artigos_do_lar,"1619, 1621:1630, 1635:1636, 1641:1642, 1644:1645, 1647, 1662, 1670, 1682, 1689, 1701:1718, 1720:1727, 1729:1737, 1740:1746, 1760:1767, 1769, 1772, 1774:1778, 1780:1795, 1797, 1801:1803, 1805, 1850:1898, 3703:3706, 3710:3713, 3716, 3720, 3723:3725, 3901:3910, 3912:3920, 3922:3926, 3928, 3930:3944, 3946:3955, 3998, 4032, 4037, 4050, 4068, 9509:9510, 9512:9513, 9528:9529, 9535:9544, 9546:9555, 9559, 9562, 9567:9568, 9572, 9574, 9576, 9578:9581",Habitacao,Mobiliarios_e_artigos_do_lar,Codigo  %in% c(,"1619, 1621:1630, 1635:1636, 1641:1642, 1644:1645, 1647, 1662, 1670, 1682, 1689, 1701:1718, 1720:1727, 1729:1737, 1740:1746, 1760:1767, 1769, 1772, 1774:1778, 1780:1795, 1797, 1801:1803, 1805, 1850:1898, 3703:3706, 3710:3713, 3716, 3720, 3723:3725, 3901:3910, 3912:3920, 3922:3926, 3928, 3930:3944, 3946:3955, 3998, 4032, 4037, 4050, 4068, 9509:9510, 9512:9513, 9528:9529, 9535:9544, 9546:9555, 9559, 9562, 9567:9568, 9572, 9574, 9576, 9578:9581","), """,32003,""",",Mobiliarios_e_artigos_do_lar,32003
1995,Despesas diversas (DDI),Habitacao,Eletrodomesticos,"1501:1596, 1614:1617, 1631:1634, 1637:1638, 1648:1650, 1652, 1657, 1660:1661, 1663, 1665, 1669, 1676, 1693, 1696:1697, 4067",Habitacao,Eletrodomesticos,Codigo  %in% c(,"1501:1596, 1614:1617, 1631:1634, 1637:1638, 1648:1650, 1652, 1657, 1660:1661, 1663, 1665, 1669, 1676, 1693, 1696:1697, 4067","), """,32004,""",",Eletrodomesticos,32004
1995,Despesas diversas (DDI),Habitacao,Consertos_de_artigos_do_lar,"0901:0903, 0906:0910, 0912, 0915, 0920:0977, 0998",Habitacao,Consertos_de_artigos_do_lar,Codigo  %in% c(,"0901:0903, 0906:0910, 0912, 0915, 0920:0977, 0998","), """,32005,""",",Consertos_de_artigos_do_lar,32005
1995,Despesas diversas (DDI),Vestuario,Roupa_de_homem,"3401:3437, 3498",Vestuario,Roupa_de_homem,Codigo  %in% c(,"3401:3437, 3498","), """,33001,""",",Roupa_de_homem,33001
1995,Despesas diversas (DDI),Vestuario,Roupa_de_mulher,"3501:3552, 3598",Vestuario,Roupa_de_mulher,Codigo  %in% c(,"3501:3552, 3598","), """,33002,""",",Roupa_de_mulher,33002
1995,Despesas diversas (DDI),Vestuario,Roupa_de_crianca,"3601:3652, 3698",Vestuario,Roupa_de_crianca,Codigo  %in% c(,"3601:3652, 3698","), """,33003,""",",Roupa_de_crianca,33003
1995,Despesas diversas (DDI),Vestuario,Calcados_e_apetrechos,"3801:3830, 3832:3838, 3898",Vestuario,Calcados_e_apetrechos,Codigo  %in% c(,"3801:3830, 3832:3838, 3898","), """,33004,""",",Calcados_e_apetrechos,33004
1995,Despesas diversas (DDI),Vestuario,Joias_e_bijuterias,"4001, 4601:4608, 4610:4611, 4698",Vestuario,Joias_e_bijuterias,Codigo  %in% c(,"4001, 4601:4608, 4610:4611, 4698","), """,33005,""",",Joias_e_bijuterias,33005
1995,Despesas diversas (DDI),Vestuario,Tecidos_e_armarinhos,"3701:3702, 3708, 3714:3715, 3717:3719, 3721, 3725:3726, 3798",Vestuario,Tecidos_e_armarinhos,Codigo  %in% c(,"3701:3702, 3708, 3714:3715, 3717:3719, 3721, 3725:3726, 3798","), """,33006,""",",Tecidos_e_armarinhos,33006
1995,Despesas diversas (DDI),Transporte,Urbano,"2301:2305, 2310:2311, 2314:2316, 2320:2326, 2398, 4845",Transporte,Urbano,Codigo  %in% c(,"2301:2305, 2310:2311, 2314:2316, 2320:2326, 2398, 4845","), """,34001,""",",Urbano,34001
1995,Despesas diversas (DDI),Transporte,Gasolina_para_veiculo_proprio,2307,Transporte,Gasolina_para_veiculo_proprio,Codigo  %in% c(,2307,"), """,34002,""",",Gasolina_para_veiculo_proprio,34002
1995,Despesas diversas (DDI),Transporte,Alcool_para_veiculo_proprio,2306,Transporte,Alcool_para_veiculo_proprio,Codigo  %in% c(,2306,"), """,34003,""",",Alcool_para_veiculo_proprio,34003
1995,Despesas diversas (DDI),Transporte,Manutencao_de_veiculo_proprio,"4301:4308, 4312, 4314:4318, 4320:4323, 4326, 4330:4332",Transporte,Manutencao_de_veiculo_proprio,Codigo  %in% c(,"4301:4308, 4312, 4314:4318, 4320:4323, 4326, 4330:4332","), """,34004,""",",Manutencao_de_veiculo_proprio,34004
1995,Despesas diversas (DDI),Transporte,Aquisicao_de_veiculos,"5012, 5101:5113, 5120:5124, 5151",Transporte,Aquisicao_de_veiculos,Codigo  %in% c(,"5012, 5101:5113, 5120:5124, 5151","), """,34005,""",",Aquisicao_de_veiculos,34005
1995,Despesas diversas (DDI),Transporte,Viagens,"4101:4105, 4107:4124, 4198",Transporte,Viagens,Codigo  %in% c(,"4101:4105, 4107:4124, 4198","), """,34006,""",",Viagens,34006
1995,Despesas diversas (DDI),Transporte,Outros_transporte,"2308:2309, 2312:2313, 2317:2318, 4309:4311, 4313, 4319, 4324:4325, 4327:4329, 4333:4335, 4398, 5003, 5005:5008, 5010, 5098",Transporte,Outros_transporte,Codigo  %in% c(,"2308:2309, 2312:2313, 2317:2318, 4309:4311, 4313, 4319, 4324:4325, 4327:4329, 4333:4335, 4398, 5003, 5005:5008, 5010, 5098","), """,34007,""",",Outros_transporte,34007
1995,Despesas diversas (DDI),Higiene_e_cuidados_pessoais,Perfume,3002,Higiene_e_cuidados_pessoais,Perfume,Codigo  %in% c(,3002,"), """,35001,""",",Perfume,35001
1995,Despesas diversas (DDI),Higiene_e_cuidados_pessoais,Produtos_para_cabelo,9604,Higiene_e_cuidados_pessoais,Produtos_para_cabelo,Codigo  %in% c(,9604,"), """,35002,""",",Produtos_para_cabelo,35002
1995,Despesas diversas (DDI),Higiene_e_cuidados_pessoais,Sabonete,"9603, 9614",Higiene_e_cuidados_pessoais,Sabonete,Codigo  %in% c(,"9603, 9614","), """,35003,""",",Sabonete,35003
1995,Despesas diversas (DDI),Higiene_e_cuidados_pessoais,Produtos_de_uso_pessoal,"3001, 3003:3010, 3013:3024, 3098, 9601:9602, 9605:9609, 9611:9613, 9615:9616",Higiene_e_cuidados_pessoais,Produtos_de_uso_pessoal,Codigo  %in% c(,"3001, 3003:3010, 3013:3024, 3098, 9601:9602, 9605:9609, 9611:9613, 9615:9616","), """,35004,""",",Produtos_de_uso_pessoal,35004
1995,Despesas diversas (DDI),Assistencia_a_saude,Remedios,"2901:2937, 2974",Assistencia_a_saude,Remedios,Codigo  %in% c(,"2901:2937, 2974","), """,36001,""",",Remedios,36001
1995,Despesas diversas (DDI),Assistencia_a_saude,Plano_Seguro_saude,"4214, 4225, 4231",Assistencia_a_saude,Plano_Seguro_saude,Codigo  %in% c(,"4214, 4225, 4231","), """,36002,""",",Plano_Seguro_saude,36002
1995,Despesas diversas (DDI),Assistencia_a_saude,Consulta_e_tratamento_dentario,4203:4204,Assistencia_a_saude,Consulta_e_tratamento_dentario,Codigo  %in% c(,4203:4204,"), """,36003,""",",Consulta_e_tratamento_dentario,36003
1995,Despesas diversas (DDI),Assistencia_a_saude,Consulta_medica,4201,Assistencia_a_saude,Consulta_medica,Codigo  %in% c(,4201,"), """,36004,""",",Consulta_medica,36004
1995,Despesas diversas (DDI),Assistencia_a_saude,Tratamento_ambulatorial,"4210, 4215, 4220",Assistencia_a_saude,Tratamento_ambulatorial,Codigo  %in% c(,"4210, 4215, 4220","), """,36005,""",",Tratamento_ambulatorial,36005
1995,Despesas diversas (DDI),Assistencia_a_saude,Servicos_de_cirurgia,4205,Assistencia_a_saude,Servicos_de_cirurgia,Codigo  %in% c(,4205,"), """,36006,""",",Servicos_de_cirurgia,36006
1995,Despesas diversas (DDI),Assistencia_a_saude,Hospitalizacao,4206,Assistencia_a_saude,Hospitalizacao,Codigo  %in% c(,4206,"), """,36007,""",",Hospitalizacao,36007
1995,Despesas diversas (DDI),Assistencia_a_saude,Exames_diversos,"4207:4209, 4221, 4230, 4232:4233",Assistencia_a_saude,Exames_diversos,Codigo  %in% c(,"4207:4209, 4221, 4230, 4232:4233","), """,36008,""",",Exames_diversos,36008
1995,Despesas diversas (DDI),Assistencia_a_saude,Material_de_tratamento,"2951, 2954:2960, 2962:2967, 2969:2973, 2975:2978, 2980:2982, 4211:4212, 4223, 4227:4228, 4234",Assistencia_a_saude,Material_de_tratamento,Codigo  %in% c(,"2951, 2954:2960, 2962:2967, 2969:2973, 2975:2978, 2980:2982, 4211:4212, 4223, 4227:4228, 4234","), """,36009,""",",Material_de_tratamento,36009
1995,Despesas diversas (DDI),Assistencia_a_saude,Outras_assistencia_saude,"2952:2953, 2961, 2968, 2979, 2998, 4202, 4213, 4216:4219, 4222, 4229, 4298",Assistencia_a_saude,Outras_assistencia_saude,Codigo  %in% c(,"2952:2953, 2961, 2968, 2979, 2998, 4202, 4213, 4216:4219, 4222, 4229, 4298","), """,36010,""",",Outras_assistencia_saude,36010
1995,Despesas diversas (DDI),Educacao,Cursos_regulares,"4901, 4931:4932",Educacao,Cursos_regulares,Codigo  %in% c(,"4901, 4931:4932","), """,37001,""",",Cursos_regulares,37001
1995,Despesas diversas (DDI),Educacao,Curso_superior,4933,Educacao,Curso_superior,Codigo  %in% c(,4933,"), """,37002,""",",Curso_superior,37002
1995,Despesas diversas (DDI),Educacao,Outros_cursos,"4902, 4911, 4915, 4922:4923, 4934:4941, 4943:4944, 4947:4950, 4959",Educacao,Outros_cursos,Codigo  %in% c(,"4902, 4911, 4915, 4922:4923, 4934:4941, 4943:4944, 4947:4950, 4959","), """,37003,""",",Outros_cursos,37003
1995,Despesas diversas (DDI),Educacao,Livros_e_revistas_tecnicas,"4906:4908, 4945",Educacao,Livros_e_revistas_tecnicas,Codigo  %in% c(,"4906:4908, 4945","), """,37004,""",",Livros_e_revistas_tecnicas,37004
1995,Despesas diversas (DDI),Educacao,Artigos_escolares,"3201:3203, 3209, 3212:3213, 3298, 4919:4921, 4925, 4929",Educacao,Artigos_escolares,Codigo  %in% c(,"3201:3203, 3209, 3212:3213, 3298, 4919:4921, 4925, 4929","), """,37005,""",",Artigos_escolares,37005
1995,Despesas diversas (DDI),Educacao,Outras_educacao,"4803, 4813, 4847, 4903:4905, 4909:4910, 4912, 4914, 4916:4918, 4924, 4927:4928, 4930, 4942, 4946, 4998",Educacao,Outras_educacao,Codigo  %in% c(,"4803, 4813, 4847, 4903:4905, 4909:4910, 4912, 4914, 4916:4918, 4924, 4927:4928, 4930, 4942, 4946, 4998","), """,37006,""",",Outras_educacao,37006
1995,Despesas diversas (DDI),Recreacao_e_cultura,Brinquedos_e_jogos,"3301, 3303:3305, 3314, 3316, 3320",Recreacao_e_cultura,Brinquedos_e_jogos,Codigo  %in% c(,"3301, 3303:3305, 3314, 3316, 3320","), """,38001,""",",Brinquedos_e_jogos,38001
1995,Despesas diversas (DDI),Recreacao_e_cultura,Celular_e_acessorios,"1672, 1677",Recreacao_e_cultura,Celular_e_acessorios,Codigo  %in% c(,"1672, 1677","), """,38002,""",",Celular_e_acessorios,38002
1995,Despesas diversas (DDI),Recreacao_e_cultura,Periodicos_livros_e_revistas,"2701:2703, 3204:3205",Recreacao_e_cultura,Periodicos_livros_e_revistas,Codigo  %in% c(,"2701:2703, 3204:3205","), """,38003,""",",Periodicos_livros_e_revistas,38003
1995,Despesas diversas (DDI),Recreacao_e_cultura,Diversoes_e_esportes,"2801:2822, 2825, 2828:2854, 2898, 3302, 3307:3308, 3317",Recreacao_e_cultura,Diversoes_e_esportes,Codigo  %in% c(,"2801:2822, 2825, 2828:2854, 2898, 3302, 3307:3308, 3317","), """,38004,""",",Diversoes_e_esportes,38004
1995,Despesas diversas (DDI),Recreacao_e_cultura,Outras_recreacao_etc,"1601, 1605:1609, 1611, 1618, 1643, 1671, 1678, 1690, 2704:2705, 2798, 3306, 3309:3313, 3315, 3318:3319, 3321, 3398",Recreacao_e_cultura,Outras_recreacao_etc,Codigo  %in% c(,"1601, 1605:1609, 1611, 1618, 1643, 1671, 1678, 1690, 2704:2705, 2798, 3306, 3309:3313, 3315, 3318:3319, 3321, 3398","), """,38005,""",",Outras_recreacao_etc,38005
1995,Despesas diversas (DDI),Servicos_pessoais,Fumo,"2501, 2503:2505, 2507, 2509:2518, 2598, 4060:4061, 4071:4072",Servicos_pessoais,Fumo,Codigo  %in% c(,"2501, 2503:2505, 2507, 2509:2518, 2598, 4060:4061, 4071:4072","), """,39001,""",",Fumo,39001
1995,Despesas diversas (DDI),Servicos_pessoais,Cabeleireiro,"3101:3102, 3148",Servicos_pessoais,Cabeleireiro,Codigo  %in% c(,"3101:3102, 3148","), """,39002,""",",Cabeleireiro,39002
1995,Despesas diversas (DDI),Servicos_pessoais,Manicuro_e_pedicuro,3103,Servicos_pessoais,Manicuro_e_pedicuro,Codigo  %in% c(,3103,"), """,39003,""",",Manicuro_e_pedicuro,39003
1995,Despesas diversas (DDI),Servicos_pessoais,Consertos_de_artigos_pessoais,"3104, 3110, 3113:3116, 3118, 3120:3124, 3126:3127, 3129:3131, 3133, 3140",Servicos_pessoais,Consertos_de_artigos_pessoais,Codigo  %in% c(,"3104, 3110, 3113:3116, 3118, 3120:3124, 3126:3127, 3129:3131, 3133, 3140","), """,39004,""",",Consertos_de_artigos_pessoais,39004
1995,Despesas diversas (DDI),Servicos_pessoais,Outras_servicos_pessoais,"3105:3109, 3111:3112, 3117, 3119, 3125, 3128, 3132, 3135:3139, 3141, 3198",Servicos_pessoais,Outras_servicos_pessoais,Codigo  %in% c(,"3105:3109, 3111:3112, 3117, 3119, 3125, 3128, 3132, 3135:3139, 3141, 3198","), """,39005,""",",Outras_servicos_pessoais,39005
1995,Despesas diversas (DDI),Despesas_diversas,Jogos_e_apostas,"2601:2610, 2612:2616, 2698",Despesas_diversas,Jogos_e_apostas,Codigo  %in% c(,"2601:2610, 2612:2616, 2698","), """,40001,""",",Jogos_e_apostas,40001
1995,Despesas diversas (DDI),Despesas_diversas,Comunicacao,"2201:2202, 2298",Despesas_diversas,Comunicacao,Codigo  %in% c(,"2201:2202, 2298","), """,40002,""",",Comunicacao,40002
1995,Despesas diversas (DDI),Despesas_diversas,Cerimonias_e_festas,"4501:4510, 4598",Despesas_diversas,Cerimonias_e_festas,Codigo  %in% c(,"4501:4510, 4598","), """,40003,""",",Cerimonias_e_festas,40003
1995,Despesas diversas (DDI),Despesas_diversas,Servicos_profissionais,4401:4418,Despesas_diversas,Servicos_profissionais,Codigo  %in% c(,4401:4418,"), """,40004,""",",Servicos_profissionais,40004
1995,Despesas diversas (DDI),Despesas_diversas,Imoveis_de_uso_ocasional,"4702:4704, 4706:4708, 4713, 4796",Despesas_diversas,Imoveis_de_uso_ocasional,Codigo  %in% c(,"4702:4704, 4706:4708, 4713, 4796","), """,40005,""",",Imoveis_de_uso_ocasional,40005
1995,Despesas diversas (DDI),Despesas_diversas,Outras_despesas_diversas,"1204, 1220, 1301:1304, 1306:1308, 1310:1312, 1315:1319, 1398, 1640, 3206:3208, 3210:3211, 3707, 3722, 4002, 4005:4007, 4009, 4011, 4022:4023, 4025:4026, 4029:4031, 4034:4036, 4038, 4042:4043, 4049, 4069, 4098, 4498, 9591:9594, 9599",Despesas_diversas,Outras_despesas_diversas,Codigo  %in% c(,"1204, 1220, 1301:1304, 1306:1308, 1310:1312, 1315:1319, 1398, 1640, 3206:3208, 3210:3211, 3707, 3722, 4002, 4005:4007, 4009, 4011, 4022:4023, 4025:4026, 4029:4031, 4034:4036, 4038, 4042:4043, 4049, 4069, 4098, 4498, 9591:9594, 9599","), """,40006,""",",Outras_despesas_diversas,40006
1995,Despesas diversas (DDI),Outras_despesas_correntes,Impostos,"1014, 1022:1023, 4705, 4711:4712, 4714, 4838, 4846, 5001:5002, 5004, 5009, 5701:5706, 5801:5806",Outras_despesas_correntes,Impostos,Codigo  %in% c(,"1014, 1022:1023, 4705, 4711:4712, 4714, 4838, 4846, 5001:5002, 5004, 5009, 5701:5706, 5801:5806","), """,41001,""",",Impostos,41001
1995,Despesas diversas (DDI),Outras_despesas_correntes,Contribuicoes_trabalhistas,"1951:1980, 1998, 4801, 4818, 4826, 4839, 5601:5606",Outras_despesas_correntes,Contribuicoes_trabalhistas,Codigo  %in% c(,"1951:1980, 1998, 4801, 4818, 4826, 4839, 5601:5606","), """,41002,""",",Contribuicoes_trabalhistas,41002
1995,Despesas diversas (DDI),Outras_despesas_correntes,Servicos_bancarios,"4809:4810, 4833:4837, 4848, 4861",Outras_despesas_correntes,Servicos_bancarios,Codigo  %in% c(,"4809:4810, 4833:4837, 4848, 4861","), """,41003,""",",Servicos_bancarios,41003
1995,Despesas diversas (DDI),Outras_despesas_correntes,Pensoes_mesadas_e_doacoes,"4802, 4804:4805, 4821:4824, 4840, 4843, 5011",Outras_despesas_correntes,Pensoes_mesadas_e_doacoes,Codigo  %in% c(,"4802, 4804:4805, 4821:4824, 4840, 4843, 5011","), """,41004,""",",Pensoes_mesadas_e_doacoes,41004
1995,Despesas diversas (DDI),Outras_despesas_correntes,Previdencia_privada,"4806, 5311:5312",Outras_despesas_correntes,Previdencia_privada,Codigo  %in% c(,"4806, 5311:5312","), """,41005,""",",Previdencia_privada,41005
1995,Despesas diversas (DDI),Outras_despesas_correntes,Outras_despesas,"4807:4808, 4814, 4817, 4819, 4825, 4828:4832, 4841, 4898",Outras_despesas_correntes,Outras_despesas,Codigo  %in% c(,"4807:4808, 4814, 4817, 4819, 4825, 4828:4832, 4841, 4898","), """,41006,""",",Outras_despesas,41006
1995,Despesas diversas (DDI),Aumento_do_ativo,Imovel_aquisicao,"1201:1202, 4701",Aumento_do_ativo,Imovel_aquisicao,Codigo  %in% c(,"1201:1202, 4701","), """,42001,""",",Imovel_aquisicao,42001
1995,Despesas diversas (DDI),Aumento_do_ativo,Imovel_reforma,"0801:0873, 0898",Aumento_do_ativo,Imovel_reforma,Codigo  %in% c(,"0801:0873, 0898","), """,42002,""",",Imovel_reforma,42002
1995,Despesas diversas (DDI),Aumento_do_ativo,Outros_investimentos,"1639, 1673, 1689, 4609, 4710, 4820, 4842",Aumento_do_ativo,Outros_investimentos,Codigo  %in% c(,"1639, 1673, 1689, 4609, 4710, 4820, 4842","), """,42003,""",",Outros_investimentos,42003
1995,Despesas diversas (DDI),Diminuicao_do_passivo,Emprestimo_e_carne,"4811:4812, 4815, 4827",Diminuicao_do_passivo,Emprestimo_e_carne,Codigo  %in% c(,"4811:4812, 4815, 4827","), """,43001,""",",Emprestimo_e_carne,43001
1995,Despesas diversas (DDI),Diminuicao_do_passivo,Prestacao_de_imovel,"1007, 1017",Diminuicao_do_passivo,Prestacao_de_imovel,Codigo  %in% c(,"1007, 1017","), """,43002,""",",Prestacao_de_imovel,43002
1995,Rendimentos (REN),Rendimento_do_trabalho,Empregado,"5301:5304, 5331:5333, 5401:5402, 5445, 5447",Rendimento_do_trabalho,Empregado,Codigo  %in% c(,"5301:5304, 5331:5333, 5401:5402, 5445, 5447","), """,44001,""",",Empregado,44001
1995,Rendimentos (REN),Rendimento_do_trabalho,Empregador,5304,Rendimento_do_trabalho,Empregador,Codigo  %in% c(,5304,"), """,44002,""",",Empregador,44002
1995,Rendimentos (REN),Rendimento_do_trabalho,Conta_propria,5306,Rendimento_do_trabalho,Conta_propria,Codigo  %in% c(,5306,"), """,44003,""",",Conta_propria,44003
1995,Rendimentos (REN),Transferencia,Aposentadoria_prev_publica,"5311, 5429",Transferencia,Aposentadoria_prev_publica,Codigo  %in% c(,"5311, 5429","), """,45001,""",",Aposentadoria_prev_publica,45001
1995,Rendimentos (REN),Transferencia,Aposentadoria_prev_privada,"5312, 5440, 5457",Transferencia,Aposentadoria_prev_privada,Codigo  %in% c(,"5312, 5440, 5457","), """,45002,""",",Aposentadoria_prev_privada,45002
1995,Rendimentos (REN),Transferencia,Bolsa_de_estudo,5313,Transferencia,Bolsa_de_estudo,Codigo  %in% c(,5313,"), """,45003,""",",Bolsa_de_estudo,45003
1995,Rendimentos (REN),Transferencia,Pensao_aliment_mesada_doacao,5314,Transferencia,Pensao_aliment_mesada_doacao,Codigo  %in% c(,5314,"), """,45004,""",",Pensao_aliment_mesada_doacao,45004
1995,Rendimentos (REN),Transferencia,Transferencias_transitorias,"5335:5339, 5341, 5405:5407, 5412:5413, 5423:5424, 5426:5428, 5432, 5436, 5438, 5443",Transferencia,Transferencias_transitorias,Codigo  %in% c(,"5335:5339, 5341, 5405:5407, 5412:5413, 5423:5424, 5426:5428, 5432, 5436, 5438, 5443","), """,45005,""",",Transferencias_transitorias,45005
1995,Rendimentos (REN),Rendimento_de_aluguel,Aluguel_de_bens_imoveis,5321,Rendimento_de_aluguel,Aluguel_de_bens_imoveis,Codigo  %in% c(,5321,"), """,46001,""",",Aluguel_de_bens_imoveis,46001
1995,Rendimentos (REN),Rendimento_de_aluguel,Aluguel_de_bens_moveis,5322,Rendimento_de_aluguel,Aluguel_de_bens_moveis,Codigo  %in% c(,5322,"), """,46002,""",",Aluguel_de_bens_moveis,46002
1995,Rendimentos (REN),Outros_rendimentos,Vendas_esporadicas,"5408:5409, 5416, 5444, 5448:5452, 5491",Outros_rendimentos,Vendas_esporadicas,Codigo  %in% c(,"5408:5409, 5416, 5444, 5448:5452, 5491","), """,47001,""",",Vendas_esporadicas,47001
1995,Rendimentos (REN),Outros_rendimentos,Emprestimos,"5414, 5425, 5431",Outros_rendimentos,Emprestimos,Codigo  %in% c(,"5414, 5425, 5431","), """,47002,""",",Emprestimos,47002
1995,Rendimentos (REN),Outros_rendimentos,Aplicacoes_de_capital,"5415, 5435, 5446",Outros_rendimentos,Aplicacoes_de_capital,Codigo  %in% c(,"5415, 5435, 5446","), """,47003,""",",Aplicacoes_de_capital,47003
1995,Rendimentos (REN),Outros_rendimentos,Outros_renda,"5403:5404, 5410, 5430, 5434, 5439, 5441, 5453:5456, 5458:5459, 5492, 5497, 5514",Outros_rendimentos,Outros_renda,Codigo  %in% c(,"5403:5404, 5410, 5430, 5434, 5439, 5441, 5453:5456, 5458:5459, 5492, 5497, 5514","), """,47004,""",",Outros_renda,47004
1995,Rendimento_nao_monetario,Rendimento_nao_monetario,Rendimento_nao_monetario,,Rendimento_nao_monetario,Rendimento_nao_monetario,Codigo  %in% c(,0,"), """,Rendimento_nao_monetario,""",",,
