Ano,Codigo,Descri_Item,Cod_harmo,conceito,componente
1987,4200,DESPESAS COM SERVIÇOS DE ASSISTENCIA A SAUDE,36010,agregado,C07
1987,4201,CONSULTA MEDICA,36004,consulta_medica,C01
1987,4202,CURANDEIRO E CURIOSO,36010,curandeiro_parteira,C12
1987,4202,CURIOSO,36010,curandeiro_parteira,C12
1987,4203,APARELHO ORTODONTICO,36003,odontologia,C04
1987,4203,DENTADURA,36003,odontologia,C04
1987,4203,PIVO,36003,odontologia,C04
1987,4203,"PROTESES E APARELHOS DENTARIOS (DENTADURA, PIVO, APARELHO ORTODONTICO, ETC.)",36003,odontologia,C04
1987,4204,COLOCAÇÃO DE JAQUETA DENTARIA,36003,odontologia,C04
1987,4204,EXTRAÇÃO DENTARIA,36003,odontologia,C04
1987,4204,OBTURAÇÃO DENTARIA,36003,odontologia,C04
1987,4204,TRATAMENTO DE CANAL DENTARIO,36003,odontologia,C04
1987,4204,"TRATAMENTO DENTARIO (EXTRAÇÃO, OBTURAÇÃO, TRATAMENTO DE CANAL, COLOCAÇÃO DE JAQUETA, ETC.)",36003,odontologia,C04
1987,4205,ANESTESISTA PARA CIRURGIA E PARTO,36006,cirurgia,C01
1987,4205,CIRURGIÃO PARA OPERAÇÃO E PARTO,36006,cirurgia,C01
1987,4205,OBSTETRA PARA CIRURGIA E PARTO,36006,cirurgia,C01
1987,4205,"PROFISSIONAIS DE SAUDE (CIRURGIÃO, OBSTETRA, ANESTESISTA, ETC.) PARA CIRURGIA E PARTO",36006,cirurgia,C01
1987,4206,HOSPITALIZAÇÃO,36007,hospitalizacao,C14
1987,4206,INTERNAÇÃO EM HOSPITAL,36007,hospitalizacao,C14
1987,4206,INTERNAÇÃO EM MATERNIDADE,36007,hospitalizacao,C14
1987,4206,INTERNAÇÃO EM PRONTO SOCORRO,36007,hospitalizacao,C14
1987,4207,CARDIOTOCOGRAFIA,36008,exames,C01
1987,4207,ECOGRAFIA,36008,exames,C01
1987,4207,ELETROCARDIOGRAMA,36008,exames,C01
1987,4207,ELETRODIAGNOSTICO,36008,exames,C01
1987,4207,ELETROENCEFALOGRAMA,36008,exames,C01
1987,4207,ENDOSCOPIA,36008,exames,C01
1987,4207,TOMOGRAFIA,36008,exames,C01
1987,4207,ULTRASONOGRAFIA,36008,?ultrasonografia,C01
1987,4208,EXAME DE BACILO,36008,exames,C01
1987,4208,EXAME DE FEZES,36008,exames,C01
1987,4208,EXAME DE LABORATORIO,36008,exames,C01
1987,4208,EXAME DE SANGUE,36008,exames,C01
1987,4208,EXAME DE URINA,36008,exames,C01
1987,4208,EXAME PRE-NUPCIAL,36008,exames,C01
1987,4209,RADIOGRAFIA,36008,exames,C01
1987,4210,"CAUTERIZAÇÃO, CURATIVO, NEBULIZAÇÃO, VACINAÇÃO E OUTROS TRATAMENTOS AMBULATORIAIS",36005,ambulatorial,C08
1987,4210,CURATIVO,36005,ambulatorial,C08
1987,4210,NEBULIZAÇÃO,36005,ambulatorial,C08
1987,4210,TRATAMENTO AMBULATORIAL,36005,ambulatorial,C08
1987,4210,VACINAÇÃO,36005,vacinacao,C08
1987,4211,ARMAÇÃO DE OCULOS,36009,oculos_lentes,C02
1987,4211,LENTE DE CONTATO,36009,oculos_lentes,C02
1987,4211,LENTE DE OCULOS,36009,oculos_lentes,C02
1987,4211,OCULOS (DE GRAU),36009,oculos_lentes,C02
1987,4211,"OCULOS, ARMAÇÃO, LENTE,L ENTE DE CONTATO",36009,oculos_lentes,C02
1987,4212,APARELHO DENTAL GET,36009,dental_get,C03
1987,4212,APARELHO PARA SURDEZ,36009,aparelho_auditivo,C03
1987,4212,ARTIGO ORTOPEDICO E OUTROS ARTIGOS MEDICOS,36009,artigos_ortopedicos,C03
1987,4212,BOTA ORTOPEDICA,36009,artigos_ortopedicos,C03
1987,4212,CADEIRA DE RODAS,36009,artigos_ortopedicos,C03
1987,4212,CAMA HOSPITALAR,36009,artigos_ortopedicos,C03
1987,4212,DENTAL GET (APARELHO),36009,dental_get,C03
1987,4212,EQUIPAMENTO DE MASSAGEM,36009,equip_massagem,C03
1987,4212,FONOAUDITIVOS,36009,aparelho_auditivo,C03
1987,4212,MULETA,36009,artigos_ortopedicos,C03
1987,4212,OUTROS ARTIGOS MEDICOS,36009,artigos_ortopedicos,C03
1987,4212,PALMILHA (ORTOPEDICA),36009,artigos_ortopedicos,C03
1987,4212,SANDALIA ORTOPEDICA,36009,artigos_ortopedicos,C03
1987,4212,SAPATO ORTOPEDICO,36009,artigos_ortopedicos,C03
1987,4212,TORNOZELEIRA ORTOPEDICA,36009,artigos_ortopedicos,C03
1987,4213,ALUGUEL DE APARELHOS MEDICOS,36010,aluguel_conserto_aparelho,C05
1987,4213,ALUGUEL DE CADEIRA DE RODAS,36010,aluguel_conserto_aparelho,C05
1987,4213,ALUGUEL DE CAMA HOSPITALAR,36010,aluguel_conserto_aparelho,C05
1987,4213,ALUGUEL DE EQUIPAMENTO DE MASSAGEM,36010,aluguel_conserto_aparelho,C05
1987,4214,ASSOCIAÇÃO DE ASSISTENCIA MEDICA,36002,plano_saude,C06
1987,4214,SEGURO SAUDE E ASSOCIAÇÃO DE ASSISTENCIA MEDICA,36002,plano_saude,C06
1987,4215,ACUPUNTURA (TRATAMENTO),36005,acupuntura,C01
1987,4215,"OUTROS TRATAMENTOS (PSICOLOGICO, FISIOTERAPICO, MASSAGEM, ETC.)",36005,psicologo,C01
1987,4215,TRATAMENTO COM ACUPUNTURA,36005,acupuntura,C01
1987,4215,TRATAMENTO COM DIETISTA,36005,nutricionista,C01
1987,4215,TRATAMENTO COM MASSAGEM,36005,massagem,C01
1987,4215,TRATAMENTO DE ENFERMAGEM,36005,enfermagem,C01
1987,4215,TRATAMENTO FISIOTERAPICO,36005,fisioterapia,C01
1987,4215,TRATAMENTO PSICOLOGICO,36005,psicologo,C01
1987,4216,ENFERMEIRA,36010,enfermagem,C01
1987,4217,CONSERTO E REPARO DE ARTIGOS E APARELHOS MEDICOS,36010,aluguel_conserto_aparelho,C05
1987,4218,ACOMPANHANTE DE QUARTO HOSPITALAR (POF4),36010,acompanhante,C10
1987,4219,AMBULANCIA (REMOÇÃO),36010,ambulancia,C11
1987,4220,APLICAÇÃO DE RAIO LASER,36005,laser,C01
1987,4220,RAIO LASER (APLICAÇÃO),36005,laser,C01
1987,4221,EXAME DE PRESSÃO ARTERIAL (EM POSTOS OU PROFISSIONAIS VOLANTES),36008,pressao_arterial,C01
1987,4221,EXAMES EM POSTOS OU PROFISSIONAIS VOLANTES,36008,exames,C01
1987,4221,PRESSÃO ARTERIAL (EM POSTOS OU PROFISSIONAIS VOLANTES),36008,pressao_arterial,C01
1987,4222,SANGUE HUMANO,36010,hemoterapia,C13
1987,4223,FOTOGRAFIA RELATIVA A CIRURGIA,36009,fotografia_cirurgia,C01
1987,4298,AGREGADO,36010,agregado,C07
1995,4200,DESPESAS COM SERVIÇOS DE ASSISTENCIA A SAÚDE,36010,agregado,C07
1995,4201,CONSULTA MÉDICA,36004,consulta_medica,C01
1995,4202,CURANDEIRO E CURIOSO,36010,curandeiro_parteira,C12
1995,4203,"PROTESE E APARELHO DENTARIO (DENTADURA, PIVO, APARELHO ORTODONTICO, ETC.)",36003,odontologia,C04
1995,4204,"TRATAMENTO DENTARIO (EXTRAÇÃO, OBTURAÇÃO, TRATAMENTO DE CANAL COLO JAQUETA, ETC.)",36003,odontologia,C04
1995,4205,"PROFISSIONAIS DE SAÚDE (CIRURGIÃO, OBSTETRA, ANESTESISTA, ETC.) PARA CIRURGIA E PARTO",36006,cirurgia,C01
1995,4206,HOSPITALIZAÇÃO,36007,hospitalizacao,C14
1995,4207,ELETRODIAGNOSTICO,36008,exames,C01
1995,4208,EXAME DE LABORATÓRIO,36008,exames,C01
1995,4209,RADIOGRAFIA,36008,exames,C01
1995,4210,"CAUTERIZAÇÃO, CURATATIVO, NEBULIZAÇÃO, VACINAÇÃO E OUTROS TRATAMENTOS AMBULATORIAIS",36005,ambulatorial,C08
1995,4211,ARMAÇÃO DE ÓCULOS,36009,oculos_lentes,C02
1995,4212,ARTIGOS ORTOPÉDICOS E OUTROS ARTIGOS MÉDICOS,36009,artigos_ortopedicos,C03
1995,4213,ALUGUEL DE APARELHOS MÉDICOS,36010,aluguel_conserto_aparelho,C05
1995,4214,SEGURO SAÚDE,36002,plano_saude,C06
1995,4215,"OUTROS TRATAMENTOS (PSICOLOGICOS, FISIOTERATIPOS, MASSAGEM, ETC.)",36005,psicologo,C01
1995,4216,ENFERMEIRA,36010,enfermagem,C01
1995,4217,CONSERTO E REPARO DE ARTIGO E APARELHO MEDICO,36010,aluguel_conserto_aparelho,C05
1995,4218,ACOMPANHANTE DE QUARTO HOSPITALAR,36010,acompanhante,C10
1995,4219,AMBULANCIA (REMOÇÃO),36010,ambulancia,C11
1995,4220,RAIO LASER (APLICAÇÃO),36005,laser,C01
1995,4221,EXAMES EM POSTOS OU PROFISSIONAIS VOLANTES,36008,exames,C01
1995,4222,SANGUE HUMANO,36010,hemoterapia,C13
1995,4223,FOTOGRAFIA RELATIVA A CIRURGIA,36009,fotografia_cirurgia,C01
1995,4225,MENSALIDADE DE CLINICA,36002,mensalidade_clinica,C15
1995,4226,PLANO DE SAÚDE,36002,plano_saude,C06
1995,4227,LENTE DE ÓCULOS (DE GRAU),36009,oculos_lentes,C02
1995,4228,LENTE DE CONTATO,36009,oculos_lentes,C02
1995,4229,OXIGÊNIO (DESPESA COM SAÚDE),36010,oxigenio,C05
1995,4230,EXAME PREVENTIVO DE CANCER,36008,exame_ginecologico,C01
1995,4231,PLANO ODONTOLÓGICO,36002,plano_odonto,C09
1995,4232,EXAME ERGOMÉTRICOO,36008,exames,C01
1995,4233,EXAME AUDIOMÉTRICO,36008,exames,C01
1995,4234,LENTE INTRAOCULAR,36009,lente_intraocular,C03
1995,4298,AGREGADO1,36010,agregado,C07
2002,42002,CURANDEIRO E CURIOSO,36010,curandeiro_parteira,C12
2002,42002,CURIOSO,36010,curandeiro_parteira,C12
2002,42003,APARELHO ORTODONTICO,36003,odontologia,C04
2002,42003,DENTADURA,36003,odontologia,C04
2002,42003,PIVO,36003,odontologia,C04
2002,42003,PROTESE E APARELHO DENTARIO,36003,odontologia,C04
2002,42004,COLOCACAO DE JAQUETA DENTARIA,36003,odontologia,C04
2002,42004,EXTRACAO DENTARIA,36003,odontologia,C04
2002,42004,IMPLANTE DE DENTE,36003,odontologia,C04
2002,42004,MANUTENCAO DE APARELHO DENTARIO,36003,odontologia,C04
2002,42004,MANUTENCAO DE APARELHO ORTODONTICO,36003,odontologia,C04
2002,42004,OBTURACAO DENTARIA,36003,odontologia,C04
2002,42004,TRATAMENTO DE CANAL DENTARIO,36003,odontologia,C04
2002,42004,TRATAMENTO DENTARIO,36003,odontologia,C04
2002,42005,ANESTESISTA PARA CIRURGIA E PARTO,36006,cirurgia,C01
2002,42005,CIRURGIA (QUALQUER TIPO),36006,cirurgia,C01
2002,42005,CIRURGIAO PARA OPERACAO E PARTO,36006,cirurgia,C01
2002,42005,OBSTETRA PARA CIRURGIA E PARTO,36006,cirurgia,C01
2002,42005,PROCEDIMENTO CIRURGICO,36006,cirurgia,C01
2002,42005,"SERVICOS DE CIRURGIA, ANESTESIA E OBSTETRICIA",36006,cirurgia,C01
2002,42006,HOSPITALIZACAO,36007,hospitalizacao,C14
2002,42006,INTERNACAO EM HOSPITAL,36007,hospitalizacao,C14
2002,42006,INTERNACAO EM MATERNIDADE,36007,hospitalizacao,C14
2002,42006,INTERNACAO EM PRONTO SOCORRO,36007,hospitalizacao,C14
2002,42007,CARDIOTOCOGRAFIA,36008,exames,C01
2002,42007,DENSITOMETRIA OSSEA,36008,exames,C01
2002,42007,ECOCARDIOGRAFIA,36008,exames,C01
2002,42007,ECOCARDIOGRAMA,36008,exames,C01
2002,42007,ECOENDOSCOPIA,36008,exames,C01
2002,42007,ECOGRAFIA,36008,exames,C01
2002,42007,ELETROCARDIOGRAMA,36008,exames,C01
2002,42007,ELETRODIAGNOSTICO,36008,exames,C01
2002,42007,ELETROENCEFALOGRAMA,36008,exames,C01
2002,42007,ENDOSCOPIA,36008,exames,C01
2002,42007,MAMOGRAFIA,36008,exames,C01
2002,42007,RESSONANCIA MAGNETICA,36008,exames,C01
2002,42007,TOMOGRAFIA,36008,exames,C01
2002,42007,ULTRASONOGRAFIA,36008,?ultrasonografia,C01
2002,42008,BIOPSIA (EM GERAL),36008,exames,C01
2002,42008,EXAME DE BACILO,36008,exames,C01
2002,42008,EXAME DE FEZES,36008,exames,C01
2002,42008,EXAME DE LABORATORIO,36008,exames,C01
2002,42008,EXAME DE SANGUE,36008,exames,C01
2002,42008,EXAME DE URINA,36008,exames,C01
2002,42008,EXAME GINECOLOGICO,36008,exame_ginecologico,C01
2002,42008,EXAME OFTALMOLOGICO,36008,exame_oftalmologico,C01
2002,42008,EXAME PRE-NATAL,36008,exame_ginecologico,C01
2002,42008,EXAME PRE-NUPCIAL,36008,exames,C01
2002,42008,EXAMES EM GERAL,36008,exames,C01
2002,42008,EXAMES PREVENTIVOS,36008,exame_ginecologico,C01
2002,42009,EXAME RADIOLOGICO,36008,exames,C01
2002,42009,RADIOGRAFIA,36008,exames,C01
2002,42010,"CAUTERIZACAO, CURATIVO, NEBULIZACAO ETC.",36005,ambulatorial,C08
2002,42010,"CAUTERIZACAO,CURATIVO,NEBULIZACAO,ETC.",36005,ambulatorial,C08
2002,42010,CURATIVO,36005,ambulatorial,C08
2002,42010,NEBULIZACAO,36005,ambulatorial,C08
2002,42010,TRATAMENTO AMBULATORIAL,36005,ambulatorial,C08
2002,42010,VACINACAO,36005,vacinacao,C08
2002,42011,ARMACAO DE OCULOS,36009,oculos_lentes,C02
2002,42012,APARELHO DE MEDICAO DE GLICOSE,36009,glicosimetro,C03
2002,42012,APARELHO DE SURDEZ,36009,aparelho_auditivo,C03
2002,42012,APARELHO DENTAL GET,36009,dental_get,C03
2002,42012,ARTIGOS ORTOPEDICOS E OUTROS,36009,artigos_ortopedicos,C03
2002,42012,BOTA ORTOPEDICA,36009,artigos_ortopedicos,C03
2002,42012,CADEIRA DE RODAS,36009,artigos_ortopedicos,C03
2002,42012,CAMA HOSPITALAR,36009,artigos_ortopedicos,C03
2002,42012,CARRINHO PARA DEFICIENTE FISICO,36009,artigos_ortopedicos,C03
2002,42012,CINTA TERMICA (CORRETIVA),36009,artigos_ortopedicos,C03
2002,42012,DENTAL GET (APARELHO),36009,dental_get,C03
2002,42012,EQUIPAMENTO DE MASSAGEM,36009,equip_massagem,C03
2002,42012,FONOAUDITIVOS,36009,aparelho_auditivo,C03
2002,42012,FRALDA GERIATRICA,36009,fralda_geriatrica,C03
2002,42012,MEIA ELASTICA (PARA VARIZES),36009,artigos_ortopedicos,C03
2002,42012,MULETA,36009,artigos_ortopedicos,C03
2002,42012,OUTROS ARTIGOS MEDICOS,36009,artigos_ortopedicos,C03
2002,42012,PALMILHA (ORTOPEDICA),36009,artigos_ortopedicos,C03
2002,42012,SANDALIA ORTOPEDICA,36009,artigos_ortopedicos,C03
2002,42012,SAPATO ORTOPEDICO,36009,artigos_ortopedicos,C03
2002,42012,SUSPENSORIO ESCROTAL,36009,artigos_ortopedicos,C03
2002,42012,TORNOZELEIRA ORTOPEDICA,36009,artigos_ortopedicos,C03
2002,42013,ALUGUEL DE APARELHO MEDICO,36010,aluguel_conserto_aparelho,C05
2002,42013,ALUGUEL DE CADEIRA DE RODAS,36010,aluguel_conserto_aparelho,C05
2002,42013,ALUGUEL DE CAMA HOSPITALAR,36010,aluguel_conserto_aparelho,C05
2002,42013,ALUGUEL DE EQUIPAMENTO DE MASSAGEM,36010,aluguel_conserto_aparelho,C05
2002,42014,COMPLEMENTACAO DE PLANO/SEGURO-SAUDE,36002,plano_saude,C06
2002,42014,FUNDO DE PARTICIPACAO EM PLANO/SEGURO-SAUDE,36002,plano_saude,C06
2002,42014,PLANO / SEGURO-SAUDE,36002,plano_saude,C06
2002,42014,PLANO/SEGURO-SAUDE,36002,plano_saude,C06
2002,42014,POUPANCA COMPLEMENTAR DE PLANO/SEGURO-SAUDE,36002,plano_saude,C06
2002,42015,ACUPUNTURA (TRATAMENTO),36005,acupuntura,C01
2002,42015,HIDROTERAPIA (TRATAMENTO),36005,hidroterapia,C01
2002,42015,IMPLANTE DE CABELO (TRATAMENTO),36005,implante_cabelo,C01
2002,42015,OUTROS TRATAMENTOS,36005,outros_tratamentos,C01
2002,42015,TRATAMENTO ACUPUNTURAL,36005,acupuntura,C01
2002,42015,TRATAMENTO DE ENFERMAGEM,36005,enfermagem,C01
2002,42015,TRATAMENTO DIETETICO,36005,nutricionista,C01
2002,42015,TRATAMENTO HIDROTERAPICO,36005,hidroterapia,C01
2002,42015,TRATAMENTO MASSAGISTICO,36005,massagem,C01
2002,42015,TRATAMENTO PARA IMPLANTE DE CABELO,36005,implante_cabelo,C01
2002,42016,ENFERMEIRA,36010,enfermagem,C01
2002,42016,INSTRUMENTADOR CIRURGICO,36010,instrumentador,C01
2002,42017,CONSERTO E REPARO DE ARTIGO E APARELHO MEDICOS,36010,aluguel_conserto_aparelho,C05
2002,42018,ACOMPANHANTE DE QUARTO HOSPITALAR,36010,acompanhante,C10
2002,42019,AMBULANCIA (REMOCAO),36010,ambulancia,C11
2002,42020,APLICACAO DE RAIO LASER,36005,laser,C01
2002,42020,RAIO LASER (APLICACAO),36005,laser,C01
2002,42021,EXAME DE PRESSAO ARTERIAL (EM POSTOS OU PROFISSIONAIS VOLANTES),36008,pressao_arterial,C01
2002,42021,EXAMES EM POSTOS OU PROFISSIONAIS VOLANTES,36008,exames,C01
2002,42021,PESAGEM (PROFISSIONAIS VOLANTES),36008,pesagem,C01
2002,42021,PRESSAO ARTERIAL (EM POSTOS OU PROFISSIONAIS VOLANTES),36008,pressao_arterial,C01
2002,42021,VIGILANTES DO PESO (PROFISSIONAIS VOLANTES),36008,pesagem,C01
2002,42022,SANGUE HUMANO,36010,hemoterapia,C13
2002,42023,FOTOGRAFIA RELATIVA A CIRURGIA,36009,fotografia_cirurgia,C01
2002,42025,MENSALIDADE DE CLINICA,36002,mensalidade_clinica,C15
2002,42027,LENTE DE OCULOS (DE GRAU),36009,oculos_lentes,C02
2002,42027,OCULOS DE GRAU (ARMACAO+LENTE),36009,oculos_lentes,C02
2002,42028,LENTE DE CONTATO,36009,oculos_lentes,C02
2002,42029,CILINDRO OU TUBO DE OXIGENIO (DESPESA COM SAUDE),36010,oxigenio,C05
2002,42029,OXIGENIO (DESPESA COM SAUDE),36010,oxigenio,C05
2002,42029,TUBO OU CILINDRO DE OXIGENIO (DESPESA COM SAUDE),36010,oxigenio,C05
2002,42030,EXAME PREVENTIVO DE CANCER,36008,exame_ginecologico,C01
2002,42031,PLANO DE ASSISTENCIA ODONTOLOGICA,36002,plano_odonto,C09
2002,42031,PLANO ODONTOLOGICO,36002,plano_odonto,C09
2002,42032,EXAME ERGOMETRICO,36008,exames,C01
2002,42033,EXAME AUDIOMETRICO,36008,exames,C01
2002,42034,CRISTALINO (LENTE INTRAOCULAR),36009,lente_intraocular,C03
2002,42034,LENTE INTRAOCULAR,36009,lente_intraocular,C03
2002,42036,HEMODIALISE,36005,dialise,C17
2002,42037,CONSULTA MEDICA ODONTOLOGICA,36003,odontologia,C04
2002,42038,CONSULTA MEDICA GINECOLOGICA,36004,consulta_medica,C01
2002,42039,CONSULTA MEDICA PEDIATRICA,36004,consulta_medica,C01
2002,42040,CONSULTA MEDICA CARDIOLOGICA,36004,consulta_medica,C01
2002,42041,CONSULTA MEDICA OFTALMOLOGICA,36004,consulta_medica,C01
2002,42042,CONSULTA MEDICA ORTOPEDICA,36004,consulta_medica,C01
2002,42043,CONSULTA MEDICA NEUROLOGICA,36004,consulta_medica,C01
2002,42044,CONSULTA MEDICA PSIQUIATRICA,36004,consulta_medica,C01
2002,42045,CONSULTA MEDICA DERMATOLOGICA,36004,consulta_medica,C01
2002,42046,CONSULTA MEDICA (ALERGISTA),36004,consulta_medica,C01
2002,42046,CONSULTA MEDICA GASTROENTEROLOGICA,36004,consulta_medica,C01
2002,42046,CONSULTA MEDICA GERAL,36004,consulta_medica,C01
2002,42046,CONSULTA MEDICA GERIATRICA,36004,consulta_medica,C01
2002,42046,CONSULTA MEDICA HOMEOPATICA,36004,consulta_medica,C01
2002,42046,CONSULTA MEDICA NEFROLOGICA (RENAIS),36004,consulta_medica,C01
2002,42046,CONSULTA MEDICA NUTRICIONISTA,36004,nutricionista,C01
2002,42046,CONSULTA MEDICA OBSTETRICA,36004,consulta_medica,C01
2002,42046,CONSULTA MEDICA ONCOLOGICA,36004,consulta_medica,C01
2002,42046,CONSULTA MEDICA OTOLOGICA,36004,consulta_medica,C01
2002,42046,CONSULTA MEDICA OTORRINO,36004,consulta_medica,C01
2002,42046,CONSULTA MEDICA OUTRA,36004,consulta_medica,C01
2002,42046,CONSULTA MEDICA OUTRAS,36004,consulta_medica,C01
2002,42046,CONSULTA MEDICA PNEUMOLOGICA,36004,consulta_medica,C01
2002,42046,CONSULTA MEDICA REUMATOLOGICA,36004,consulta_medica,C01
2002,42047,CONSULTA MEDICA ENDOCRINOLOGICA,36004,consulta_medica,C01
2002,42048,CONSULTA MEDICA PROTOLOGICA,36004,consulta_medica,C01
2002,42049,CONSULTA MEDICA UROLOGICA,36004,consulta_medica,C01
2002,42050,CONSULTA MEDICA ANGIOLOGICA,36004,consulta_medica,C01
2002,42051,TRATAMENTO PSICOLOGICO,36005,psicologo,C01
2002,42052,TRATAMENTO FISIOTERAPICO,36005,fisioterapia,C01
2002,42053,TRATAMENTO FONOAUDIOLOGICO,36005,fonoaudiologia,C18
2002,42054,TRATAMENTO QUIMIOTERAPICO,36005,quimioterapia,C19
2002,42098,AGREGADO,36010,agregado,C07
2008,42001,COMPLEMENTACAO DE PLANO/SEGURO-SAUDE (EMPRESA),36002,plano_saude,C06
2008,42001,FUNDO DE PARTICIPACAO EM PLANO/SEGURO-SAUDE (EMPRESA),36002,plano_saude,C06
2008,42001,PLANO DE ASSISTENCIA MEDICA (EMPRESA),36002,plano_saude,C06
2008,42001,PLANO SEGURO-SAUDE (EMPRESA),36002,plano_saude,C06
2008,42001,POUPANCA COMPLEMENTAR DE PLANO/SEGURO-SAUDE (EMPRESA),36002,plano_saude,C06
2008,42002,PLANO DE ASSISTENCIA ODONTOLOGICA (PARTICULAR),36002,plano_odonto,C09
2008,42002,PLANO EXCLUSIVAMENTE ODONTOLOGICO (PARTICULAR),36002,plano_odonto,C09
2008,42002,PLANO ODONTOLOGICO (PARTICULAR),36002,plano_odonto,C09
2008,42003,MENSALIDADE DE CLINICA,36002,mensalidade_clinica,C15
2008,42004,ATENDIMENTO EM PRONTO-SOCORRO/PRONTO-ATENDIMENTO,36005,ambulatorial,C08
2008,42004,"CAUTERIZACAO, CURATIVO, NEBULIZACAO, ETC.",36005,ambulatorial,C08
2008,42004,CURATIVO,36005,ambulatorial,C08
2008,42004,NEBULIZACAO,36005,ambulatorial,C08
2008,42004,TRATAMENTO AMBULATORIAL,36005,ambulatorial,C08
2008,42005,ANESTESISTA PARA CIRURGIA E PARTO,36006,cirurgia,C01
2008,42005,APLICACAO DE RAIO LASER,36006,laser,C01
2008,42005,CIRURGIA (QUALQUER TIPO),36006,cirurgia,C01
2008,42005,CIRURGIAO PARA OPERACAO E PARTO,36006,cirurgia,C01
2008,42005,FOTOGRAFIA RELATIVA A CIRURGIA,36006,fotografia_cirurgia,C01
2008,42005,IMPLANTE DE CABELO (TRATAMENTO),36006,implante_cabelo,C01
2008,42005,INSTRUMENTADOR CIRURGICO,36006,instrumentador,C01
2008,42005,OBSTETRA PARA CIRURGIA E PARTO,36006,cirurgia,C01
2008,42005,PROCEDIMENTO CIRURGICO,36006,cirurgia,C01
2008,42005,RAIO LASER (APLICACAO),36006,laser,C01
2008,42005,"SERVICOS DE CIRURGIA, ANESTESIA E OBSTETRICIA",36006,cirurgia,C01
2008,42005,TRATAMENTO PARA IMPLANTE DE CABELO,36006,implante_cabelo,C01
2008,42006,HOSPITALIZACAO,36007,hospitalizacao,C14
2008,42006,INTERNACAO EM HOSPITAL,36007,hospitalizacao,C14
2008,42006,INTERNACAO EM MATERNIDADE,36007,hospitalizacao,C14
2008,42006,INTERNACAO EM PRONTO SOCORRO,36007,hospitalizacao,C14
2008,42007,AMBULANCIA (REMOCAO),36010,ambulancia,C11
2008,42007,AMBULANCIA E UTI MOVEL (REMOCAO),36010,ambulancia,C11
2008,42008,VACINACAO,36005,vacinacao,C08
2008,42009,CONSULTA MEDICA COM CLINICO GERAL,36004,consulta_medica,C01
2008,42009,CONSULTA MEDICA GERAL,36004,consulta_medica,C01
2008,42010,CONSULTA MEDICA PEDIATRICA,36004,consulta_medica,C01
2008,42011,CONSULTA MEDICA GINECO-OBSTETRICIA,36004,consulta_medica,C01
2008,42011,CONSULTA MEDICA GINECOLOGICA,36004,consulta_medica,C01
2008,42011,CONSULTA MEDICA OBSTETRICA,36004,consulta_medica,C01
2008,42011,EXAME GINECOLOGICO,36004,exame_ginecologico,C01
2008,42011,EXAME PRE-NATAL,36004,exame_ginecologico,C01
2008,42011,EXAME PREVENTIVO DE CANCER,36004,exame_ginecologico,C01
2008,42011,EXAMES PREVENTIVOS,36004,exame_ginecologico,C01
2008,42012,CONSULTA MEDICA (ALERGISTA),36004,consulta_medica,C01
2008,42012,CONSULTA MEDICA ANGIOLOGICA,36004,consulta_medica,C01
2008,42012,CONSULTA MEDICA CARDIOLOGICA,36004,consulta_medica,C01
2008,42012,CONSULTA MEDICA CIRURGIAO PLASTICO,36004,consulta_medica,C01
2008,42012,CONSULTA MEDICA DERMATOLOGICA,36004,consulta_medica,C01
2008,42012,CONSULTA MEDICA ENDOCRINOLOGICA,36004,consulta_medica,C01
2008,42012,CONSULTA MEDICA GASTROENTEROLOGICA,36004,consulta_medica,C01
2008,42012,CONSULTA MEDICA GERIATRICA,36004,consulta_medica,C01
2008,42012,CONSULTA MEDICA HEMATOLOGICA,36004,consulta_medica,C01
2008,42012,CONSULTA MEDICA HOMEOPATICA,36004,consulta_medica,C01
2008,42012,CONSULTA MEDICA NEFROLOGICA (RENAIS),36004,consulta_medica,C01
2008,42012,CONSULTA MEDICA NEUROLOGICA,36004,consulta_medica,C01
2008,42012,CONSULTA MEDICA OFTALMOLOGICA,36004,consulta_medica,C01
2008,42012,CONSULTA MEDICA ONCOLOGICA,36004,consulta_medica,C01
2008,42012,CONSULTA MEDICA ORTOPEDICA,36004,consulta_medica,C01
2008,42012,CONSULTA MEDICA OTOLOGICA,36004,consulta_medica,C01
2008,42012,CONSULTA MEDICA OTORRINO,36004,consulta_medica,C01
2008,42012,CONSULTA MEDICA PNEUMOLOGICA,36004,consulta_medica,C01
2008,42012,CONSULTA MEDICA PROTOLOGICA,36004,consulta_medica,C01
2008,42012,CONSULTA MEDICA PSIQUIATRICA,36004,consulta_medica,C01
2008,42012,CONSULTA MEDICA REUMATOLOGICA,36004,consulta_medica,C01
2008,42012,CONSULTA MEDICA UROLOGICA,36004,consulta_medica,C01
2008,42012,"OUTRAS CONSULTAS DIFERENTES DE GERAL, PEDIATRICA E GINECO-OBSTETRICIA",36004,consulta_medica,C01
2008,42013,BIOPSIA (EM GERAL),36008,exames,C01
2008,42013,ESPERMOGRAMA,36008,exames,C01
2008,42013,EXAME DE BACILO,36008,exames,C01
2008,42013,EXAME DE FEZES,36008,exames,C01
2008,42013,EXAME DE LABORATORIO,36008,exames,C01
2008,42013,EXAME DE SANGUE,36008,exames,C01
2008,42013,EXAME DE URINA,36008,exames,C01
2008,42013,EXAME PRE-NUPCIAL,36008,exames,C01
2008,42013,EXAMES EM GERAL,36008,exames,C01
2008,42014,DENSITOMETRIA OSSEA,36008,exames,C01
2008,42014,MAMOGRAFIA,36008,exames,C01
2008,42014,TOMOGRAFIA,36008,exames,C01
2008,42015,RESSONANCIA MAGNETICA,36008,exames,C01
2008,42016,CARDIOTOCOGRAFIA,36008,exames,C01
2008,42016,ECOCARDIOGRAFIA,36008,exames,C01
2008,42016,ECOCARDIOGRAMA,36008,exames,C01
2008,42016,ECOENDOSCOPIA,36008,exames,C01
2008,42016,ECOGRAFIA,36008,exames,C01
2008,42016,EXAME DE CATETERISMO,36008,exames,C01
2008,42016,ULTRASSONOGRAFIA,36008,exames,C01
2008,42017,EXAME RADIOLOGICO,36008,exames,C01
2008,42017,RADIOGRAFIA,36008,exames,C01
2008,42018,ELETROCARDIOGRAMA,36008,exames,C01
2008,42018,ELETROCARDIOGRAMA E OUTROS METODOS GRAFICOS,36008,exames,C01
2008,42018,ELETROENCEFALOGRAMA,36008,exames,C01
2008,42018,EXAME AUDIOMETRICO,36008,exames,C01
2008,42018,EXAME ERGOMETRICO,36008,exames,C01
2008,42019,COLONOSCOPIA,36008,exames,C01
2008,42019,ENDOSCOPIA,36008,exames,C01
2008,42020,QUIMIOTERAPIA,36005,quimioterapia,C19
2008,42020,TRATAMENTO QUIMIOTERAPICO,36005,quimioterapia,C19
2008,42021,SANGUE HUMANO,36005,hemoterapia,C13
2008,42021,SERVICO DE HEMOTERAPIA (TRANSFUSAO),36005,hemoterapia,C13
2008,42022,DIALISE,36005,dialise,C17
2008,42022,HEMODIALISE,36005,dialise,C17
2008,42023,APARELHO ORTODONTICO,36003,odontologia,C04
2008,42023,DENTADURA,36003,odontologia,C04
2008,42023,PIVO,36003,odontologia,C04
2008,42023,PROTESE E APARELHO DENTARIO,36003,odontologia,C04
2008,42024,COLOCACAO DE JAQUETA DENTARIA,36003,odontologia,C04
2008,42024,CONSULTA ODONTOLOGICA,36003,odontologia,C04
2008,42024,EXTRACAO DENTARIA,36003,odontologia,C04
2008,42024,IMPLANTE DE DENTE,36003,odontologia,C04
2008,42024,MANUTENCAO DE APARELHO DENTARIO,36003,odontologia,C04
2008,42024,MANUTENCAO DE APARELHO ORTODONTICO,36003,odontologia,C04
2008,42024,OBTURACAO DENTARIA,36003,odontologia,C04
2008,42024,TRATAMENTO DE CANAL DENTARIO,36003,odontologia,C04
2008,42024,TRATAMENTO DENTARIO,36003,odontologia,C04
2008,42025,ENFERMEIRA,36005,enfermagem,C01
2008,42025,SERVICOS DE ENFERMAGEM,36005,enfermagem,C01
2008,42025,TRATAMENTO DE ENFERMAGEM,36005,enfermagem,C01
2008,42026,ACOMPANHANTE (CUIDADOR),36010,acompanhante,C10
2008,42026,ACOMPANHANTE DE QUARTO HOSPITALAR,36010,acompanhante,C10
2008,42027,SERVICO DE INTERNACAO E CUIDADO DOMICILIAR,36010,home_care,C21
2008,42028,CONSULTA MEDICA NUTRICIONISTA,36005,nutricionista,C01
2008,42028,NUTRICIONISTA,36005,nutricionista,C01
2008,42028,TRATAMENTO DIETETICO,36005,nutricionista,C01
2008,42029,SERVICOS DE NUTRICAO ENTERAL E PARENTAL,36005,nutricao_enteral,C24
2008,42030,PSICOLOGO E PSICOTERAPEUTA,36005,psicologo,C01
2008,42030,TRATAMENTO PSICOLOGICO,36005,psicologo,C01
2008,42031,TRATAMENTO FISIOTERAPICO,36005,fisioterapia,C01
2008,42031,TRATAMENTO FISIOTERAPICO E DE TERAPIA OCUPACIONAL,36005,fisioterapia,C01
2008,42032,TRATAMENTO FONOAUDIOLOGICO,36005,fonoaudiologia,C18
2008,42033,HIDROTERAPIA (TRATAMENTO),36005,hidroterapia,C01
2008,42033,MASSAGEM PARA FINS DE SAUDE SHIATZU DO IN E OUTROS TRATAMENTOS ALTERNATIVOS,36005,massagem,C01
2008,42033,TRATAMENTO HIDROTERAPICO,36005,hidroterapia,C01
2008,42033,TRATAMENTO MASSAGISTICO,36005,massagem,C01
2008,42034,ACUPUNTURA,36005,acupuntura,C01
2008,42034,ACUPUNTURA (TRATAMENTO),36005,acupuntura,C01
2008,42034,TRATAMENTO ACUPUNTURAL,36005,acupuntura,C01
2008,42035,CURANDEIRO E CURIOSO,36010,curandeiro_parteira,C12
2008,42035,"CURANDEIRO, CURIOSO E PARTEIRA",36010,curandeiro_parteira,C12
2008,42035,CURIOSO,36010,curandeiro_parteira,C12
2008,42035,PARTEIRA,36010,curandeiro_parteira,C12
2008,42036,CLINICA E RESIDENCIA PARA IDOSOS,36010,clinica_residencial,C16
2008,42037,CLINICA PARA DEFICIENTES FISICOS OU CONVALESCENTES,36010,clinica_residencial,C16
2008,42038,CLINICA PSIQUIATRICA OU PARA DEPENDENTES QUIMICOS,36010,clinica_psiquiatrica,C20
2008,42039,ARMACAO DE OCULOS,36009,oculos_lentes,C02
2008,42040,LENTE DE CONTATO,36009,oculos_lentes,C02
2008,42040,LENTE DE OCULOS (DE GRAU),36009,oculos_lentes,C02
2008,42040,LENTES DE OCULOS E DE CONTATO,36009,oculos_lentes,C02
2008,42040,OCULOS DE GRAU (ARMACAO+LENTE),36009,oculos_lentes,C02
2008,42041,APARELHO DE SURDEZ,36009,aparelho_auditivo,C03
2008,42041,ARTIGOS ORTOPEDICOS E OUTROS,36009,artigos_ortopedicos,C03
2008,42041,ARTIGOS ORTOPEDICOS E PROTESES DIVERSAS,36009,artigos_ortopedicos,C03
2008,42041,BOTA ORTOPEDICA,36009,artigos_ortopedicos,C03
2008,42041,CADEIRA DE RODAS,36009,artigos_ortopedicos,C03
2008,42041,CAMA HOSPITALAR,36009,artigos_ortopedicos,C03
2008,42041,CARRINHO PARA DEFICIENTE FISICO,36009,artigos_ortopedicos,C03
2008,42041,CINTA TERMICA (CORRETIVA),36009,artigos_ortopedicos,C03
2008,42041,CRISTALINO (LENTE INTRAOCULAR),36009,lente_intraocular,C03
2008,42041,FONOAUDITIVOS,36009,aparelho_auditivo,C03
2008,42041,LENTE INTRAOCULAR,36009,lente_intraocular,C03
2008,42041,MEIA ELASTICA (PARA VARIZES),36009,artigos_ortopedicos,C03
2008,42041,MULETA,36009,artigos_ortopedicos,C03
2008,42041,OUTROS ARTIGOS MEDICOS,36009,artigos_ortopedicos,C03
2008,42041,PALMILHA (ORTOPEDICA),36009,artigos_ortopedicos,C03
2008,42041,PROTETOR DE JOELHO,36009,artigos_ortopedicos,C03
2008,42041,SANDALIA ORTOPEDICA,36009,artigos_ortopedicos,C03
2008,42041,SAPATO ORTOPEDICO,36009,artigos_ortopedicos,C03
2008,42041,SUSPENSORIO ESCROTAL,36009,artigos_ortopedicos,C03
2008,42041,TORNOZELEIRA ORTOPEDICA,36009,artigos_ortopedicos,C03
2008,42042,ALUGUEL DE APARELHO MEDICO,36010,aluguel_conserto_aparelho,C05
2008,42042,ALUGUEL DE CADEIRA DE RODAS,36010,aluguel_conserto_aparelho,C05
2008,42042,ALUGUEL DE CAMA HOSPITALAR,36010,aluguel_conserto_aparelho,C05
2008,42042,ALUGUEL DE EQUIPAMENTO DE MASSAGEM,36010,aluguel_conserto_aparelho,C05
2008,42042,ALUGUEL E REPARO DE APARELHO MEDICO,36010,aluguel_conserto_aparelho,C05
2008,42042,CILINDRO OU TUBO DE OXIGENIO (DESPESA COM SAUDE),36010,oxigenio,C05
2008,42042,CONSERTO E REPARO DE ARTIGO E APARELHO MEDICOS,36010,aluguel_conserto_aparelho,C05
2008,42042,OXIGENIO (DESPESA COM SAUDE),36010,oxigenio,C05
2008,42042,TUBO OU CILINDRO DE OXIGENIO (DESPESA COM SAUDE),36010,oxigenio,C05
2008,42043,EXAME DE PRESSAO ARTERIAL (EM POSTOS OU PROFISSIONAIS VOLANTES),36008,pressao_arterial,C01
2008,42043,EXAMES EM POSTOS OU PROFISSIONAIS VOLANTES,36008,exames,C01
2008,42043,PESAGEM (PROFISSIONAIS VOLANTES),36008,pesagem,C01
2008,42043,PRESSAO ARTERIAL (EM POSTOS OU PROFISSIONAIS VOLANTES),36008,pressao_arterial,C01
2008,42043,VIGILANTES DO PESO (PROFISSIONAIS VOLANTES),36008,pesagem,C01
2008,42044,PLANO DE ASSISTENCIA ODONTOLOGICA (EMPRESA),36002,plano_odonto,C09
2008,42044,PLANO EXCLUSIVAMENTE ODONTOLOGICO (EMPRESA),36002,plano_odonto,C09
2008,42044,PLANO ODONTOLOGICO (EMPRESA),36002,plano_odonto,C09
2008,42045,PLANO DE ASSISTENCIA MEDICA (PARTICULAR),36002,plano_saude,C06
2008,42045,PLANO SEGURO-SAUDE (PARTICULAR),36002,plano_saude,C06
2008,42046,CINTILOGRAFIA,36008,exames,C01
2008,42046,CINTILOGRAFIA OSSEA,36008,exames,C01
2008,42047,PODOLOGO,36005,podologo,C22
2008,42999,AGREGADO,36010,agregado,C07
2017,42001,PLANO DE ASSISTENCIA MEDICA (EMPRESA),36002,plano_saude,C06
2017,42001,PLANO SEGURO SAUDE (EMPRESA),36002,plano_saude,C06
2017,42002,PLANO DE ASSISTENCIA MEDICA (INDIVIDUAL),36002,plano_saude,C06
2017,42002,PLANO SEGURO SAUDE (INDIVIDUAL),36002,plano_saude,C06
2017,42003,PLANO DE ASSISTENCIA ODONTOLOGICA (EMPRESA),36002,plano_odonto,C09
2017,42003,PLANO EXCLUSIVAMENTE ODONTOLOGICO (EMPRESA),36002,plano_odonto,C09
2017,42003,PLANO ODONTOLOGICO (EMPRESA),36002,plano_odonto,C09
2017,42004,PLANO DE ASSISTENCIA ODONTOLOGICA (INDIVIDUAL),36002,plano_odonto,C09
2017,42004,PLANO EXCLUSIVAMENTE ODONTOLOGICO (INDIVIDUAL),36002,plano_odonto,C09
2017,42004,PLANO ODONTOLOGICO (INDIVIDUAL),36002,plano_odonto,C09
2017,42005,CONSULTA MEDICA COM CLINICO GERAL,36004,consulta_medica,C01
2017,42005,CONSULTA MEDICA GERAL,36004,consulta_medica,C01
2017,42006,CONSULTA MEDICA COM NEUROPEDIATRA,36004,consulta_medica,C01
2017,42006,CONSULTA MEDICA COM PEDIATRA,36004,consulta_medica,C01
2017,42007,CONSULTA MEDICA COM CARDIOLOGISTA,36004,consulta_medica,C01
2017,42008,CONSULTA MEDICA COM GINECOLOGISTA,36004,consulta_medica,C01
2017,42008,CONSULTA MEDICA COM OBSTETRA,36004,consulta_medica,C01
2017,42008,EXAME GINECOLOGICO,36004,exame_ginecologico,C01
2017,42008,EXAME PRE-NATAL,36004,exame_ginecologico,C01
2017,42009,CONSULTA MEDICA COM ORTOPEDISTA,36004,consulta_medica,C01
2017,42010,CONSULTA MEDICA COM OFTALMOLOGISTA,36004,consulta_medica,C01
2017,42010,EXAME OFTALMOLOGICO,36004,exame_oftalmologico,C01
2017,42011,CONSULTA MEDICA COM NEUROLOGISTA,36004,consulta_medica,C01
2017,42012,CONSULTA COM DENTISTA,36004,odontologia,C04
2017,42012,CONSULTA DENTARIA,36004,odontologia,C04
2017,42012,CONSULTA E TRATAMENTO DENTARIO,36004,odontologia,C04
2017,42012,EXTRACAO DENTARIA,36004,odontologia,C04
2017,42012,IMPLANTE DE DENTE,36004,odontologia,C04
2017,42012,MANUTENCAO DE APARELHO ORTODONTICO,36004,odontologia,C04
2017,42012,OBTURACAO DENTARIA,36004,odontologia,C04
2017,42012,TRATAMENTO DE CANAL DENTARIO,36004,odontologia,C04
2017,42012,TRATAMENTO DENTARIO,36004,odontologia,C04
2017,42013,CONSULTA COM PSICOLOGO,36004,psicologo,C01
2017,42013,CONSULTA E TRATAMENTO COM PSICOLOGO,36004,psicologo,C01
2017,42013,TRATAMENTO COM PSICOLOGO,36004,psicologo,C01
2017,42014,CONSULTA COM FISIOTERAPEUTA,36004,fisioterapia,C01
2017,42014,CONSULTA E TRATAMENTO COM FISIOTERAPEUTA,36004,fisioterapia,C01
2017,42014,TRATAMENTO COM FISIOTERAPEUTA,36004,fisioterapia,C01
2017,42015,CONSULTA COM NUTRICIONISTA,36004,nutricionista,C01
2017,42015,CONSULTA E TRATAMENTO COM NUTRICIONISTA,36004,nutricionista,C01
2017,42015,TRATAMENTO COM NUTRICIONSTA,36004,nutricionista,C01
2017,42016,CONSULTA COM FONOAUDIOLOGO,36004,fonoaudiologia,C18
2017,42016,CONSULTA E TRATAMENTO COM FONOAUDIOLOGO,36004,fonoaudiologia,C18
2017,42016,TRATAMENTO COM FONOAUDIOLOGO,36004,fonoaudiologia,C18
2017,42017,BIOPSIA,36008,exames,C01
2017,42017,ESPERMOGRAMA,36008,exames,C01
2017,42017,EXAME DE BACILO,36008,exames,C01
2017,42017,EXAME DE FEZES,36008,exames,C01
2017,42017,"EXAME DE LABORATORIO (SANGUE, FEZES, URINA, ETC.)",36008,exames,C01
2017,42017,EXAME DE SANGUE,36008,exames,C01
2017,42017,EXAME DE URINA,36008,exames,C01
2017,42018,EXAME RADIOLOGICO,36008,exames,C01
2017,42018,RADIOGRAFIA,36008,exames,C01
2017,42019,TOMOGRAFIA,36008,exames,C01
2017,42020,DOPPLER,36008,exames,C01
2017,42020,ULTRASSONOGRAFIA,36008,exames,C01
2017,42021,CITOSCOPIA,36008,exames,C01
2017,42021,COLONOSCOPIA,36008,exames,C01
2017,42021,ENDOSCOPIA,36008,exames,C01
2017,42022,RESSONANCIA MAGNETICA,36008,exames,C01
2017,42023,ELETROCARDIOGRAMA,36008,exames,C01
2017,42024,ATENDIMENTO EM PRONTO-SOCORRO/PRONTO-ATENDIMENTO,36005,ambulatorial,C08
2017,42024,CAUTERIZACAO,36005,ambulatorial,C08
2017,42024,CURATIVO,36005,ambulatorial,C08
2017,42024,NEBULIZACAO,36005,ambulatorial,C08
2017,42024,TRATAMENTO AMBULATORIAL,36005,ambulatorial,C08
2017,42025,AMBULANCIA (REMOCAO),36005,ambulancia,C11
2017,42025,AMBULANCIA E UTI MOVEL (REMOCAO),36005,ambulancia,C11
2017,42026,ANESTESIA,36005,cirurgia,C01
2017,42026,APLICACAO DE RAIO LASER,36005,laser,C01
2017,42026,CIRURGIA,36005,cirurgia,C01
2017,42026,INSTRUMENTADOR CIRURGICO,36005,instrumentador,C01
2017,42026,OBSTETRICIA,36005,cirurgia,C01
2017,42026,PROCEDIMENTO CIRURGICO,36005,cirurgia,C01
2017,42026,RAIO LASER (APLICACAO),36005,laser,C01
2017,42026,"SERVICOS DE CIRURGIA, ANESTESIA E PARTO",36005,cirurgia,C01
2017,42027,HOSPITALIZACAO,36007,hospitalizacao,C14
2017,42027,INTERNACAO EM HOSPITAL,36007,hospitalizacao,C14
2017,42027,INTERNACAO EM MATERNIDADE,36007,hospitalizacao,C14
2017,42027,INTERNACAO EM PRONTO SOCORRO,36007,hospitalizacao,C14
2017,42028,OCULOS DE GRAU (ARMACAO E LENTE),36010,oculos_lentes,C02
2017,42029,ARMACAO DE OCULOS DE GRAU,36010,oculos_lentes,C02
2017,42030,LENTE DE OCULOS DE GRAU,36010,oculos_lentes,C02
2017,42031,APARELHO ORTODONTICO,36003,odontologia,C04
2017,42031,DENTADURA,36003,odontologia,C04
2017,42031,PIVO,36003,odontologia,C04
2017,42031,"PROTESE E APARELHO DENTARIO (PIVO, DENTADURA, ETC.)",36003,odontologia,C04
2017,42032,"ARTIGO ORTOPEDICO (SAPATO, MULETA, CADEIRA DE RODAS, ETC.)",36010,artigos_ortopedicos,C03
2017,42032,BOTA ORTOPEDICA,36010,artigos_ortopedicos,C03
2017,42032,CADEIRA DE RODAS,36010,artigos_ortopedicos,C03
2017,42032,CINTA TERMICA (CORRETIVA),36010,artigos_ortopedicos,C03
2017,42032,MULETA,36010,artigos_ortopedicos,C03
2017,42032,PALMILHA ORTOPEDICA,36010,artigos_ortopedicos,C03
2017,42032,PROTETOR DE JOELHO,36010,artigos_ortopedicos,C03
2017,42032,SANDALIA ORTOPEDICA,36010,artigos_ortopedicos,C03
2017,42032,SAPATO ORTOPEDICO,36010,artigos_ortopedicos,C03
2017,42032,TORNOZELEIRA ORTOPEDICA,36010,artigos_ortopedicos,C03
2017,42033,ALUGUEL DE APARELHO MEDICO,36010,aluguel_conserto_aparelho,C05
2017,42033,ALUGUEL DE CADEIRA DE RODAS,36010,aluguel_conserto_aparelho,C05
2017,42033,ALUGUEL E CONSERTO DE APARELHO MEDICO,36010,aluguel_conserto_aparelho,C05
2017,42033,CONSERTO DE APARELHO MEDICO,36010,aluguel_conserto_aparelho,C05
2017,42034,CONSULTA MEDICA COM DERMATOLOGISTA,36004,consulta_medica,C01
2017,42035,CONSULTA MEDICA COM GASTROENTEROLOGISTA,36004,consulta_medica,C01
2017,42036,CONSULTA MEDICA COM GERIATRA,36004,consulta_medica,C01
2017,42037,CONSULTA MEDICA COM ONCOLOGISTA,36004,consulta_medica,C01
2017,42038,CONSULTA MEDICA COM NEFROLOGISTA (RENAIS),36004,consulta_medica,C01
2017,42039,CONSULTA MEDICA COM ALERGISTA,36004,consulta_medica,C01
2017,42040,CONSULTA MEDICA COM PSIQUIATRA,36004,consulta_medica,C01
2017,42041,CONSULTA MEDICA COM HOMEOPATA,36004,consulta_medica,C01
2017,42042,CONSULTA MEDICA COM OTOLOGISTA,36004,consulta_medica,C01
2017,42043,CONSULTA MEDICA COM OTORRINOLARINGOLOGISTA,36004,consulta_medica,C01
2017,42043,EXAME DE NASOFIBROSCOPIA,36004,exame_orl,C01
2017,42043,EXAME DE VIDEOLARINGOSCOPIA,36004,exame_orl,C01
2017,42044,CONSULTA MEDICA COM PNEUMOLOGISTA,36004,consulta_medica,C01
2017,42045,CONSULTA MEDICA COM REUMATOLOGISTA,36004,consulta_medica,C01
2017,42046,CONSULTA MEDICA COM ENDOCRINOLOGISTA,36004,consulta_medica,C01
2017,42047,CONSULTA MEDICA COM PROCTOLOGISTA,36004,consulta_medica,C01
2017,42047,CONSULTA MEDICA COM PROTOLOGISTA,36004,consulta_medica,C01
2017,42048,CONSULTA MEDICA COM UROLOGISTA,36004,consulta_medica,C01
2017,42048,EXAME DE PROSTATA,36004,exame_prostata,C01
2017,42049,CONSULTA MEDICA ANGIOLOGISTA,36004,consulta_medica,C01
2017,42050,CONSULTA MEDICA COM CIRURGIAO PLASTICO,36004,consulta_medica,C01
2017,42051,CONSULTA MEDICA COM HEMATOLOGISTA,36004,consulta_medica,C01
2017,42052,CAMA HOSPITALAR,36009,artigos_ortopedicos,C03
2017,42053,APARELHO DE SURDEZ,36009,aparelho_auditivo,C03
2017,42053,FONOAUDITIVOS,36009,aparelho_auditivo,C03
2017,42054,CRISTALINO (LENTE INTRAOCULAR),36009,lente_intraocular,C03
2017,42054,LENTE INTRAOCULAR,36009,lente_intraocular,C03
2017,42055,MEIA ELASTICA PARA VARIZES,36009,artigos_ortopedicos,C03
2017,42056,MENSALIDADE DE CLINICA,36010,mensalidade_clinica,C15
2017,42057,VACINACAO,36005,vacinacao,C08
2017,42058,SERVICO DE HEMOTERAPIA (TRANSFUSAO),36005,hemoterapia,C13
2017,42059,QUIMIOTERAPIA,36005,quimioterapia,C19
2017,42059,TRATAMENTO QUIMIOTERAPICO,36005,quimioterapia,C19
2017,42060,HEMODIALISE,36008,dialise,C17
2017,42061,EXAME AUDIOMETRICO,36008,exames,C01
2017,42062,EXAME ERGOMETRICO,36008,exames,C01
2017,42063,EXAME DE CATETERISMO,36008,exames,C01
2017,42064,ELETROENCEFALOGRAMA,36008,exames,C01
2017,42065,ECOCARDIOGRAFIA,36008,exames,C01
2017,42065,ECOCARDIOGRAMA,36008,exames,C01
2017,42066,CARDIOTOCOGRAFIA,36008,exames,C01
2017,42067,ECOENDOSCOPIA,36008,exames,C01
2017,42068,ECOGRAFIA,36008,exames,C01
2017,42069,MAMOGRAFIA,36008,exames,C01
2017,42070,DENSITOMETRIA OSSEA,36008,exames,C01
2017,42071,CONSULTA E TRATAMENTO COM MASSOTERAPEUTA,36005,massagem,C01
2017,42071,TRATAMENTO MASSAGISTICO,36005,massagem,C01
2017,42072,HIDROTERAPIA,36005,hidroterapia,C01
2017,42073,ACUPUNTURA,36005,acupuntura,C01
2017,42074,CURANDEIRO,36005,curandeiro_parteira,C12
2017,42074,"CURANDEIRO, CURIOSO E PARTEIRA",36005,curandeiro_parteira,C12
2017,42074,CURIOSO,36005,curandeiro_parteira,C12
2017,42074,PARTEIRA,36005,curandeiro_parteira,C12
2017,42075,EXAME DE PRESSAO ARTERIAL,36008,pressao_arterial,C01
2017,42075,PRESSAO ARTERIAL (EM POSTOS OU PROFISSIONAIS VOLANTES),36008,pressao_arterial,C01
2017,42076,CINTILOGRAFIA,36008,exames,C01
2017,42076,CINTILOGRAFIA OSSEA,36008,exames,C01
2017,42077,PODOLOGO,36005,podologo,C22
2017,42078,LENTE DE CONTATO,36005,oculos_lentes,C02
2017,42079,CLINICA E RESIDENCIA PARA IDOSOS,36010,clinica_residencial,C16
2017,42080,CLINICA PSIQUIATRICA OU PARA DEPENDENTES QUIMICOS,36010,clinica_psiquiatrica,C20
2017,42081,SERVICOS DE ENFERMAGEM,36010,enfermagem,C01
2017,42082,ACOMPANHANTE DE QUARTO HOSPITALAR,36010,acompanhante,C10
2017,42083,EXAME PREVENTIVO DE CANCER,36008,exame_ginecologico,C01
2017,42084,CONSULTA MEDICA COM MASTOLOGISTA,36004,consulta_medica,C01
2017,42085,CONSULTA MEDICA COM INFECTOLOGISTA,36004,consulta_medica,C01
2017,42086,CONSULTA MEDICA COM MEDICO DO TRABALHO,36004,consulta_medica,C01
2017,42087,CONSULTA COM CIRURGIAO,36004,consulta_medica,C01
2017,42087,CONSULTA COM CIRURGIAO GERAL,36004,consulta_medica,C01
2017,42088,CONSULTA COM NUTROLOGO,36004,consulta_medica,C01
2017,42089,RADIOTERAPIA,36005,radioterapia,C26
2017,42090,CONSULTA MEDICA COM HEPATOLOGISTA,36004,consulta_medica,C01
2017,42091,CONSULTA COM MEDICO ORTOMOLECULAR,36004,consulta_medica,C01
2017,42092,CARTAO DE TODOS,36004,plano_descontos,C25
2017,42092,PLANO DE DESCONTOS EM SERVICOS DE SAUDE,36004,plano_descontos,C25
2017,42093,CONSULTA COM TERAPEUTA OCUPACIONAL,36004,fisioterapia,C01
2017,42094,CONSULTA MEDICA COM GENETICISTA,36004,consulta_medica,C01
2017,42094,EXAME COM GENETICISTA,36004,consulta_medica,C01
2017,42095,ELETRONEUROMIOGRAFIA,36008,exames,C01
2017,42096,TRATAMENTO PARA FERTILIZACAO,36008,fertilizacao,C23
2017,42097,ESPIROMETRIA,36008,exames,C01
2017,42098,CONSULTA MEDICA COM IMUNOLOGISTA,36004,consulta_medica,C01
2017,42099,ELETRONEUROMIOGRAFIA,36008,exames,C01
2017,42100,CONSULTA COM NUTROLOGO,36004,consulta_medica,C01
2017,42101,EXAME DO APARELHO RESPIRATORIO,36004,exame_orl,C01
2017,42102,CONSULTA MEDICA COM PATOLOGISTA,36008,consulta_medica,C01
2017,42103,HOLTER,36008,exames,C01
2017,42103,MAPA,36008,exames,C01
2017,42104,SERVICOS DE HOME CARE,36010,home_care,C21
2017,42999,AGREGADO,36010,agregado,C07
